Código del ámbito,Ámbito,Código del área,Área,Código del elemento,Elemento,Código del producto,Producto,Código del año,Año,Unidad,Valor
FS,Datos de Seguridad Alimentaria,44,Colombia,6121,Valor,21010,Suficiencia del suministro medio de energía alimentaria (%) (promedio de 3 años),20002002,2000-2002,%,123
FS,Datos de Seguridad Alimentaria,44,Colombia,6121,Valor,21010,Suficiencia del suministro medio de energía alimentaria (%) (promedio de 3 años),20012003,2001-2003,%,123
FS,Datos de Seguridad Alimentaria,44,Colombia,6121,Valor,21010,Suficiencia del suministro medio de energía alimentaria (%) (promedio de 3 años),20022004,2002-2004,%,122
FS,Datos de Seguridad Alimentaria,44,Colombia,6121,Valor,21010,Suficiencia del suministro medio de energía alimentaria (%) (promedio de 3 años),20032005,2003-2005,%,122
FS,Datos de Seguridad Alimentaria,44,Colombia,6121,Valor,21010,Suficiencia del suministro medio de energía alimentaria (%) (promedio de 3 años),20042006,2004-2006,%,121
FS,Datos de Seguridad Alimentaria,44,Colombia,6121,Valor,21010,Suficiencia del suministro medio de energía alimentaria (%) (promedio de 3 años),20052007,2005-2007,%,122
FS,Datos de Seguridad Alimentaria,44,Colombia,6121,Valor,21010,Suficiencia del suministro medio de energía alimentaria (%) (promedio de 3 años),20062008,2006-2008,%,123
FS,Datos de Seguridad Alimentaria,44,Colombia,6121,Valor,21010,Suficiencia del suministro medio de energía alimentaria (%) (promedio de 3 años),20072009,2007-2009,%,122
FS,Datos de Seguridad Alimentaria,44,Colombia,6121,Valor,21010,Suficiencia del suministro medio de energía alimentaria (%) (promedio de 3 años),20082010,2008-2010,%,121
FS,Datos de Seguridad Alimentaria,44,Colombia,6121,Valor,21010,Suficiencia del suministro medio de energía alimentaria (%) (promedio de 3 años),20092011,2009-2011,%,120
FS,Datos de Seguridad Alimentaria,44,Colombia,6121,Valor,21010,Suficiencia del suministro medio de energía alimentaria (%) (promedio de 3 años),20102012,2010-2012,%,121
FS,Datos de Seguridad Alimentaria,44,Colombia,6121,Valor,21010,Suficiencia del suministro medio de energía alimentaria (%) (promedio de 3 años),20112013,2011-2013,%,124
FS,Datos de Seguridad Alimentaria,44,Colombia,6121,Valor,21010,Suficiencia del suministro medio de energía alimentaria (%) (promedio de 3 años),20122014,2012-2014,%,126
FS,Datos de Seguridad Alimentaria,44,Colombia,6121,Valor,21010,Suficiencia del suministro medio de energía alimentaria (%) (promedio de 3 años),20132015,2013-2015,%,129
FS,Datos de Seguridad Alimentaria,44,Colombia,6121,Valor,21010,Suficiencia del suministro medio de energía alimentaria (%) (promedio de 3 años),20142016,2014-2016,%,130
FS,Datos de Seguridad Alimentaria,44,Colombia,6121,Valor,21010,Suficiencia del suministro medio de energía alimentaria (%) (promedio de 3 años),20152017,2015-2017,%,130
FS,Datos de Seguridad Alimentaria,44,Colombia,6121,Valor,21010,Suficiencia del suministro medio de energía alimentaria (%) (promedio de 3 años),20162018,2016-2018,%,130
FS,Datos de Seguridad Alimentaria,44,Colombia,6121,Valor,21010,Suficiencia del suministro medio de energía alimentaria (%) (promedio de 3 años),20172019,2017-2019,%,129
FS,Datos de Seguridad Alimentaria,44,Colombia,6121,Valor,21010,Suficiencia del suministro medio de energía alimentaria (%) (promedio de 3 años),20182020,2018-2020,%,130
FS,Datos de Seguridad Alimentaria,44,Colombia,6121,Valor,21010,Suficiencia del suministro medio de energía alimentaria (%) (promedio de 3 años),20192021,2019-2021,%,130
FS,Datos de Seguridad Alimentaria,44,Colombia,6121,Valor,21010,Suficiencia del suministro medio de energía alimentaria (%) (promedio de 3 años),20202022,2020-2022,%,131
FS,Datos de Seguridad Alimentaria,44,Colombia,6121,Valor,21010,Suficiencia del suministro medio de energía alimentaria (%) (promedio de 3 años),20212023,2021-2023,%,131
FS,Datos de Seguridad Alimentaria,44,Colombia,6121,Valor,21010,Suficiencia del suministro medio de energía alimentaria (%) (promedio de 3 años),20222024,2022-2024,%,131
FS,Datos de Seguridad Alimentaria,44,Colombia,6121,Valor,21010,Suficiencia del suministro medio de energía alimentaria (%) (promedio de 3 años),20232025,2023-2025,%,131
FS,Datos de Seguridad Alimentaria,44,Colombia,6128,Valor,220001,Suministro de energía alimentaria utilizado en la estimación de la prevalencia de la subalimentación (kcal/persona/día),2001,2001,kcal/persona/día,2836
FS,Datos de Seguridad Alimentaria,44,Colombia,6128,Valor,220001,Suministro de energía alimentaria utilizado en la estimación de la prevalencia de la subalimentación (kcal/persona/día),2002,2002,kcal/persona/día,2805
FS,Datos de Seguridad Alimentaria,44,Colombia,6128,Valor,220001,Suministro de energía alimentaria utilizado en la estimación de la prevalencia de la subalimentación (kcal/persona/día),2003,2003,kcal/persona/día,2824
FS,Datos de Seguridad Alimentaria,44,Colombia,6128,Valor,220001,Suministro de energía alimentaria utilizado en la estimación de la prevalencia de la subalimentación (kcal/persona/día),2004,2004,kcal/persona/día,2808
FS,Datos de Seguridad Alimentaria,44,Colombia,6128,Valor,220001,Suministro de energía alimentaria utilizado en la estimación de la prevalencia de la subalimentación (kcal/persona/día),2005,2005,kcal/persona/día,2767
FS,Datos de Seguridad Alimentaria,44,Colombia,6128,Valor,220001,Suministro de energía alimentaria utilizado en la estimación de la prevalencia de la subalimentación (kcal/persona/día),2006,2006,kcal/persona/día,2811
FS,Datos de Seguridad Alimentaria,44,Colombia,6128,Valor,220001,Suministro de energía alimentaria utilizado en la estimación de la prevalencia de la subalimentación (kcal/persona/día),2007,2007,kcal/persona/día,2853
FS,Datos de Seguridad Alimentaria,44,Colombia,6128,Valor,220001,Suministro de energía alimentaria utilizado en la estimación de la prevalencia de la subalimentación (kcal/persona/día),2008,2008,kcal/persona/día,2864
FS,Datos de Seguridad Alimentaria,44,Colombia,6128,Valor,220001,Suministro de energía alimentaria utilizado en la estimación de la prevalencia de la subalimentación (kcal/persona/día),2009,2009,kcal/persona/día,2772
FS,Datos de Seguridad Alimentaria,44,Colombia,6128,Valor,220001,Suministro de energía alimentaria utilizado en la estimación de la prevalencia de la subalimentación (kcal/persona/día),2010,2010,kcal/persona/día,2801
FS,Datos de Seguridad Alimentaria,44,Colombia,6128,Valor,220001,Suministro de energía alimentaria utilizado en la estimación de la prevalencia de la subalimentación (kcal/persona/día),2011,2011,kcal/persona/día,2804
FS,Datos de Seguridad Alimentaria,44,Colombia,6128,Valor,220001,Suministro de energía alimentaria utilizado en la estimación de la prevalencia de la subalimentación (kcal/persona/día),2012,2012,kcal/persona/día,2898
FS,Datos de Seguridad Alimentaria,44,Colombia,6128,Valor,220001,Suministro de energía alimentaria utilizado en la estimación de la prevalencia de la subalimentación (kcal/persona/día),2013,2013,kcal/persona/día,2974
FS,Datos de Seguridad Alimentaria,44,Colombia,6128,Valor,220001,Suministro de energía alimentaria utilizado en la estimación de la prevalencia de la subalimentación (kcal/persona/día),2014,2014,kcal/persona/día,3009
FS,Datos de Seguridad Alimentaria,44,Colombia,6128,Valor,220001,Suministro de energía alimentaria utilizado en la estimación de la prevalencia de la subalimentación (kcal/persona/día),2015,2015,kcal/persona/día,3075
FS,Datos de Seguridad Alimentaria,44,Colombia,6128,Valor,220001,Suministro de energía alimentaria utilizado en la estimación de la prevalencia de la subalimentación (kcal/persona/día),2016,2016,kcal/persona/día,3091
FS,Datos de Seguridad Alimentaria,44,Colombia,6128,Valor,220001,Suministro de energía alimentaria utilizado en la estimación de la prevalencia de la subalimentación (kcal/persona/día),2017,2017,kcal/persona/día,3052
FS,Datos de Seguridad Alimentaria,44,Colombia,6128,Valor,220001,Suministro de energía alimentaria utilizado en la estimación de la prevalencia de la subalimentación (kcal/persona/día),2018,2018,kcal/persona/día,3088
FS,Datos de Seguridad Alimentaria,44,Colombia,6128,Valor,220001,Suministro de energía alimentaria utilizado en la estimación de la prevalencia de la subalimentación (kcal/persona/día),2019,2019,kcal/persona/día,3064
FS,Datos de Seguridad Alimentaria,44,Colombia,6128,Valor,220001,Suministro de energía alimentaria utilizado en la estimación de la prevalencia de la subalimentación (kcal/persona/día),2020,2020,kcal/persona/día,3107
FS,Datos de Seguridad Alimentaria,44,Colombia,6128,Valor,220001,Suministro de energía alimentaria utilizado en la estimación de la prevalencia de la subalimentación (kcal/persona/día),2021,2021,kcal/persona/día,3114
FS,Datos de Seguridad Alimentaria,44,Colombia,6128,Valor,220001,Suministro de energía alimentaria utilizado en la estimación de la prevalencia de la subalimentación (kcal/persona/día),2022,2022,kcal/persona/día,3128
FS,Datos de Seguridad Alimentaria,44,Colombia,6128,Valor,220001,Suministro de energía alimentaria utilizado en la estimación de la prevalencia de la subalimentación (kcal/persona/día),2023,2023,kcal/persona/día,3111
FS,Datos de Seguridad Alimentaria,44,Colombia,6128,Valor,220001,Suministro de energía alimentaria utilizado en la estimación de la prevalencia de la subalimentación (kcal/persona/día),2024,2024,kcal/persona/día,3096
FS,Datos de Seguridad Alimentaria,44,Colombia,6128,Valor,22000,Suministro de energía alimentaria utilizado en la estimación de la prevalencia de la subalimentación (kcal/persona/día) (promedio de 3-años),20002002,2000-2002,kcal/persona/día,2813
FS,Datos de Seguridad Alimentaria,44,Colombia,6128,Valor,22000,Suministro de energía alimentaria utilizado en la estimación de la prevalencia de la subalimentación (kcal/persona/día) (promedio de 3-años),20012003,2001-2003,kcal/persona/día,2822
FS,Datos de Seguridad Alimentaria,44,Colombia,6128,Valor,22000,Suministro de energía alimentaria utilizado en la estimación de la prevalencia de la subalimentación (kcal/persona/día) (promedio de 3-años),20022004,2002-2004,kcal/persona/día,2812
FS,Datos de Seguridad Alimentaria,44,Colombia,6128,Valor,22000,Suministro de energía alimentaria utilizado en la estimación de la prevalencia de la subalimentación (kcal/persona/día) (promedio de 3-años),20032005,2003-2005,kcal/persona/día,2799
FS,Datos de Seguridad Alimentaria,44,Colombia,6128,Valor,22000,Suministro de energía alimentaria utilizado en la estimación de la prevalencia de la subalimentación (kcal/persona/día) (promedio de 3-años),20042006,2004-2006,kcal/persona/día,2795
FS,Datos de Seguridad Alimentaria,44,Colombia,6128,Valor,22000,Suministro de energía alimentaria utilizado en la estimación de la prevalencia de la subalimentación (kcal/persona/día) (promedio de 3-años),20052007,2005-2007,kcal/persona/día,2811
FS,Datos de Seguridad Alimentaria,44,Colombia,6128,Valor,22000,Suministro de energía alimentaria utilizado en la estimación de la prevalencia de la subalimentación (kcal/persona/día) (promedio de 3-años),20062008,2006-2008,kcal/persona/día,2843
FS,Datos de Seguridad Alimentaria,44,Colombia,6128,Valor,22000,Suministro de energía alimentaria utilizado en la estimación de la prevalencia de la subalimentación (kcal/persona/día) (promedio de 3-años),20072009,2007-2009,kcal/persona/día,2829
FS,Datos de Seguridad Alimentaria,44,Colombia,6128,Valor,22000,Suministro de energía alimentaria utilizado en la estimación de la prevalencia de la subalimentación (kcal/persona/día) (promedio de 3-años),20082010,2008-2010,kcal/persona/día,2812
FS,Datos de Seguridad Alimentaria,44,Colombia,6128,Valor,22000,Suministro de energía alimentaria utilizado en la estimación de la prevalencia de la subalimentación (kcal/persona/día) (promedio de 3-años),20092011,2009-2011,kcal/persona/día,2792
FS,Datos de Seguridad Alimentaria,44,Colombia,6128,Valor,22000,Suministro de energía alimentaria utilizado en la estimación de la prevalencia de la subalimentación (kcal/persona/día) (promedio de 3-años),20102012,2010-2012,kcal/persona/día,2835
FS,Datos de Seguridad Alimentaria,44,Colombia,6128,Valor,22000,Suministro de energía alimentaria utilizado en la estimación de la prevalencia de la subalimentación (kcal/persona/día) (promedio de 3-años),20112013,2011-2013,kcal/persona/día,2893
FS,Datos de Seguridad Alimentaria,44,Colombia,6128,Valor,22000,Suministro de energía alimentaria utilizado en la estimación de la prevalencia de la subalimentación (kcal/persona/día) (promedio de 3-años),20122014,2012-2014,kcal/persona/día,2961
FS,Datos de Seguridad Alimentaria,44,Colombia,6128,Valor,22000,Suministro de energía alimentaria utilizado en la estimación de la prevalencia de la subalimentación (kcal/persona/día) (promedio de 3-años),20132015,2013-2015,kcal/persona/día,3020
FS,Datos de Seguridad Alimentaria,44,Colombia,6128,Valor,22000,Suministro de energía alimentaria utilizado en la estimación de la prevalencia de la subalimentación (kcal/persona/día) (promedio de 3-años),20142016,2014-2016,kcal/persona/día,3059
FS,Datos de Seguridad Alimentaria,44,Colombia,6128,Valor,22000,Suministro de energía alimentaria utilizado en la estimación de la prevalencia de la subalimentación (kcal/persona/día) (promedio de 3-años),20152017,2015-2017,kcal/persona/día,3073
FS,Datos de Seguridad Alimentaria,44,Colombia,6128,Valor,22000,Suministro de energía alimentaria utilizado en la estimación de la prevalencia de la subalimentación (kcal/persona/día) (promedio de 3-años),20162018,2016-2018,kcal/persona/día,3077
FS,Datos de Seguridad Alimentaria,44,Colombia,6128,Valor,22000,Suministro de energía alimentaria utilizado en la estimación de la prevalencia de la subalimentación (kcal/persona/día) (promedio de 3-años),20172019,2017-2019,kcal/persona/día,3068
FS,Datos de Seguridad Alimentaria,44,Colombia,6128,Valor,22000,Suministro de energía alimentaria utilizado en la estimación de la prevalencia de la subalimentación (kcal/persona/día) (promedio de 3-años),20182020,2018-2020,kcal/persona/día,3086
FS,Datos de Seguridad Alimentaria,44,Colombia,6128,Valor,22000,Suministro de energía alimentaria utilizado en la estimación de la prevalencia de la subalimentación (kcal/persona/día) (promedio de 3-años),20192021,2019-2021,kcal/persona/día,3095
FS,Datos de Seguridad Alimentaria,44,Colombia,6128,Valor,22000,Suministro de energía alimentaria utilizado en la estimación de la prevalencia de la subalimentación (kcal/persona/día) (promedio de 3-años),20202022,2020-2022,kcal/persona/día,3116
FS,Datos de Seguridad Alimentaria,44,Colombia,6128,Valor,22000,Suministro de energía alimentaria utilizado en la estimación de la prevalencia de la subalimentación (kcal/persona/día) (promedio de 3-años),20212023,2021-2023,kcal/persona/día,3118
FS,Datos de Seguridad Alimentaria,44,Colombia,6128,Valor,22000,Suministro de energía alimentaria utilizado en la estimación de la prevalencia de la subalimentación (kcal/persona/día) (promedio de 3-años),20222024,2022-2024,kcal/persona/día,3112
FS,Datos de Seguridad Alimentaria,44,Colombia,6128,Valor,22000,Suministro de energía alimentaria utilizado en la estimación de la prevalencia de la subalimentación (kcal/persona/día) (promedio de 3-años),20232025,2023-2025,kcal/persona/día,3121
FS,Datos de Seguridad Alimentaria,44,Colombia,6121,Valor,21012,"Proporción del suministro de energía alimentaria derivada de cereales, raíces y tubérculos (%) (promedio de 3 años)",20002002,2000-2002,%,36
FS,Datos de Seguridad Alimentaria,44,Colombia,6121,Valor,21012,"Proporción del suministro de energía alimentaria derivada de cereales, raíces y tubérculos (%) (promedio de 3 años)",20012003,2001-2003,%,36
FS,Datos de Seguridad Alimentaria,44,Colombia,6121,Valor,21012,"Proporción del suministro de energía alimentaria derivada de cereales, raíces y tubérculos (%) (promedio de 3 años)",20022004,2002-2004,%,36
FS,Datos de Seguridad Alimentaria,44,Colombia,6121,Valor,21012,"Proporción del suministro de energía alimentaria derivada de cereales, raíces y tubérculos (%) (promedio de 3 años)",20032005,2003-2005,%,36
FS,Datos de Seguridad Alimentaria,44,Colombia,6121,Valor,21012,"Proporción del suministro de energía alimentaria derivada de cereales, raíces y tubérculos (%) (promedio de 3 años)",20042006,2004-2006,%,36
FS,Datos de Seguridad Alimentaria,44,Colombia,6121,Valor,21012,"Proporción del suministro de energía alimentaria derivada de cereales, raíces y tubérculos (%) (promedio de 3 años)",20052007,2005-2007,%,35
FS,Datos de Seguridad Alimentaria,44,Colombia,6121,Valor,21012,"Proporción del suministro de energía alimentaria derivada de cereales, raíces y tubérculos (%) (promedio de 3 años)",20062008,2006-2008,%,35
FS,Datos de Seguridad Alimentaria,44,Colombia,6121,Valor,21012,"Proporción del suministro de energía alimentaria derivada de cereales, raíces y tubérculos (%) (promedio de 3 años)",20072009,2007-2009,%,35
FS,Datos de Seguridad Alimentaria,44,Colombia,6121,Valor,21012,"Proporción del suministro de energía alimentaria derivada de cereales, raíces y tubérculos (%) (promedio de 3 años)",20082010,2008-2010,%,35
FS,Datos de Seguridad Alimentaria,44,Colombia,6121,Valor,21012,"Proporción del suministro de energía alimentaria derivada de cereales, raíces y tubérculos (%) (promedio de 3 años)",20092011,2009-2011,%,34
FS,Datos de Seguridad Alimentaria,44,Colombia,6121,Valor,21012,"Proporción del suministro de energía alimentaria derivada de cereales, raíces y tubérculos (%) (promedio de 3 años)",20102012,2010-2012,%,33
FS,Datos de Seguridad Alimentaria,44,Colombia,6121,Valor,21012,"Proporción del suministro de energía alimentaria derivada de cereales, raíces y tubérculos (%) (promedio de 3 años)",20112013,2011-2013,%,33
FS,Datos de Seguridad Alimentaria,44,Colombia,6121,Valor,21012,"Proporción del suministro de energía alimentaria derivada de cereales, raíces y tubérculos (%) (promedio de 3 años)",20122014,2012-2014,%,32
FS,Datos de Seguridad Alimentaria,44,Colombia,6121,Valor,21012,"Proporción del suministro de energía alimentaria derivada de cereales, raíces y tubérculos (%) (promedio de 3 años)",20132015,2013-2015,%,33
FS,Datos de Seguridad Alimentaria,44,Colombia,6121,Valor,21012,"Proporción del suministro de energía alimentaria derivada de cereales, raíces y tubérculos (%) (promedio de 3 años)",20142016,2014-2016,%,33
FS,Datos de Seguridad Alimentaria,44,Colombia,6121,Valor,21012,"Proporción del suministro de energía alimentaria derivada de cereales, raíces y tubérculos (%) (promedio de 3 años)",20152017,2015-2017,%,33
FS,Datos de Seguridad Alimentaria,44,Colombia,6121,Valor,21012,"Proporción del suministro de energía alimentaria derivada de cereales, raíces y tubérculos (%) (promedio de 3 años)",20162018,2016-2018,%,33
FS,Datos de Seguridad Alimentaria,44,Colombia,6121,Valor,21012,"Proporción del suministro de energía alimentaria derivada de cereales, raíces y tubérculos (%) (promedio de 3 años)",20172019,2017-2019,%,34
FS,Datos de Seguridad Alimentaria,44,Colombia,6121,Valor,21012,"Proporción del suministro de energía alimentaria derivada de cereales, raíces y tubérculos (%) (promedio de 3 años)",20182020,2018-2020,%,34
FS,Datos de Seguridad Alimentaria,44,Colombia,6121,Valor,21012,"Proporción del suministro de energía alimentaria derivada de cereales, raíces y tubérculos (%) (promedio de 3 años)",20192021,2019-2021,%,34
FS,Datos de Seguridad Alimentaria,44,Colombia,6121,Valor,21012,"Proporción del suministro de energía alimentaria derivada de cereales, raíces y tubérculos (%) (promedio de 3 años)",20202022,2020-2022,%,35
FS,Datos de Seguridad Alimentaria,44,Colombia,6121,Valor,21012,"Proporción del suministro de energía alimentaria derivada de cereales, raíces y tubérculos (%) (promedio de 3 años)",20212023,2021-2023,%,35
FS,Datos de Seguridad Alimentaria,44,Colombia,6123,Valor,21013,Suministro medio de proteínas (g/persona/día) (promedio de 3 años),20002002,2000-2002,g/persona/día,63.5
FS,Datos de Seguridad Alimentaria,44,Colombia,6123,Valor,21013,Suministro medio de proteínas (g/persona/día) (promedio de 3 años),20012003,2001-2003,g/persona/día,63.4
FS,Datos de Seguridad Alimentaria,44,Colombia,6123,Valor,21013,Suministro medio de proteínas (g/persona/día) (promedio de 3 años),20022004,2002-2004,g/persona/día,62.8
FS,Datos de Seguridad Alimentaria,44,Colombia,6123,Valor,21013,Suministro medio de proteínas (g/persona/día) (promedio de 3 años),20032005,2003-2005,g/persona/día,62.4
FS,Datos de Seguridad Alimentaria,44,Colombia,6123,Valor,21013,Suministro medio de proteínas (g/persona/día) (promedio de 3 años),20042006,2004-2006,g/persona/día,62.6
FS,Datos de Seguridad Alimentaria,44,Colombia,6123,Valor,21013,Suministro medio de proteínas (g/persona/día) (promedio de 3 años),20052007,2005-2007,g/persona/día,63.4
FS,Datos de Seguridad Alimentaria,44,Colombia,6123,Valor,21013,Suministro medio de proteínas (g/persona/día) (promedio de 3 años),20062008,2006-2008,g/persona/día,64.2
FS,Datos de Seguridad Alimentaria,44,Colombia,6123,Valor,21013,Suministro medio de proteínas (g/persona/día) (promedio de 3 años),20072009,2007-2009,g/persona/día,63.5
FS,Datos de Seguridad Alimentaria,44,Colombia,6123,Valor,21013,Suministro medio de proteínas (g/persona/día) (promedio de 3 años),20082010,2008-2010,g/persona/día,64.3
FS,Datos de Seguridad Alimentaria,44,Colombia,6123,Valor,21013,Suministro medio de proteínas (g/persona/día) (promedio de 3 años),20092011,2009-2011,g/persona/día,65.3
FS,Datos de Seguridad Alimentaria,44,Colombia,6123,Valor,21013,Suministro medio de proteínas (g/persona/día) (promedio de 3 años),20102012,2010-2012,g/persona/día,68.2
FS,Datos de Seguridad Alimentaria,44,Colombia,6123,Valor,21013,Suministro medio de proteínas (g/persona/día) (promedio de 3 años),20112013,2011-2013,g/persona/día,69.8
FS,Datos de Seguridad Alimentaria,44,Colombia,6123,Valor,21013,Suministro medio de proteínas (g/persona/día) (promedio de 3 años),20122014,2012-2014,g/persona/día,72.2
FS,Datos de Seguridad Alimentaria,44,Colombia,6123,Valor,21013,Suministro medio de proteínas (g/persona/día) (promedio de 3 años),20132015,2013-2015,g/persona/día,74.5
FS,Datos de Seguridad Alimentaria,44,Colombia,6123,Valor,21013,Suministro medio de proteínas (g/persona/día) (promedio de 3 años),20142016,2014-2016,g/persona/día,76.5
FS,Datos de Seguridad Alimentaria,44,Colombia,6123,Valor,21013,Suministro medio de proteínas (g/persona/día) (promedio de 3 años),20152017,2015-2017,g/persona/día,77.6
FS,Datos de Seguridad Alimentaria,44,Colombia,6123,Valor,21013,Suministro medio de proteínas (g/persona/día) (promedio de 3 años),20162018,2016-2018,g/persona/día,78.8
FS,Datos de Seguridad Alimentaria,44,Colombia,6123,Valor,21013,Suministro medio de proteínas (g/persona/día) (promedio de 3 años),20172019,2017-2019,g/persona/día,80.3
FS,Datos de Seguridad Alimentaria,44,Colombia,6123,Valor,21013,Suministro medio de proteínas (g/persona/día) (promedio de 3 años),20182020,2018-2020,g/persona/día,81.2
FS,Datos de Seguridad Alimentaria,44,Colombia,6123,Valor,21013,Suministro medio de proteínas (g/persona/día) (promedio de 3 años),20192021,2019-2021,g/persona/día,81.4
FS,Datos de Seguridad Alimentaria,44,Colombia,6123,Valor,21013,Suministro medio de proteínas (g/persona/día) (promedio de 3 años),20202022,2020-2022,g/persona/día,82
FS,Datos de Seguridad Alimentaria,44,Colombia,6123,Valor,21013,Suministro medio de proteínas (g/persona/día) (promedio de 3 años),20212023,2021-2023,g/persona/día,82.7
FS,Datos de Seguridad Alimentaria,44,Colombia,6123,Valor,21014,Suministro medio de proteínas de origen animal (g/persona/día) (promedio de 3 años),20002002,2000-2002,g/persona/día,29.8
FS,Datos de Seguridad Alimentaria,44,Colombia,6123,Valor,21014,Suministro medio de proteínas de origen animal (g/persona/día) (promedio de 3 años),20012003,2001-2003,g/persona/día,29.9
FS,Datos de Seguridad Alimentaria,44,Colombia,6123,Valor,21014,Suministro medio de proteínas de origen animal (g/persona/día) (promedio de 3 años),20022004,2002-2004,g/persona/día,29.8
FS,Datos de Seguridad Alimentaria,44,Colombia,6123,Valor,21014,Suministro medio de proteínas de origen animal (g/persona/día) (promedio de 3 años),20032005,2003-2005,g/persona/día,30.1
FS,Datos de Seguridad Alimentaria,44,Colombia,6123,Valor,21014,Suministro medio de proteínas de origen animal (g/persona/día) (promedio de 3 años),20042006,2004-2006,g/persona/día,31
FS,Datos de Seguridad Alimentaria,44,Colombia,6123,Valor,21014,Suministro medio de proteínas de origen animal (g/persona/día) (promedio de 3 años),20052007,2005-2007,g/persona/día,31.9
FS,Datos de Seguridad Alimentaria,44,Colombia,6123,Valor,21014,Suministro medio de proteínas de origen animal (g/persona/día) (promedio de 3 años),20062008,2006-2008,g/persona/día,32.8
FS,Datos de Seguridad Alimentaria,44,Colombia,6123,Valor,21014,Suministro medio de proteínas de origen animal (g/persona/día) (promedio de 3 años),20072009,2007-2009,g/persona/día,32.4
FS,Datos de Seguridad Alimentaria,44,Colombia,6123,Valor,21014,Suministro medio de proteínas de origen animal (g/persona/día) (promedio de 3 años),20082010,2008-2010,g/persona/día,33.9
FS,Datos de Seguridad Alimentaria,44,Colombia,6123,Valor,21014,Suministro medio de proteínas de origen animal (g/persona/día) (promedio de 3 años),20092011,2009-2011,g/persona/día,35.2
FS,Datos de Seguridad Alimentaria,44,Colombia,6123,Valor,21014,Suministro medio de proteínas de origen animal (g/persona/día) (promedio de 3 años),20102012,2010-2012,g/persona/día,37.9
FS,Datos de Seguridad Alimentaria,44,Colombia,6123,Valor,21014,Suministro medio de proteínas de origen animal (g/persona/día) (promedio de 3 años),20112013,2011-2013,g/persona/día,39.2
FS,Datos de Seguridad Alimentaria,44,Colombia,6123,Valor,21014,Suministro medio de proteínas de origen animal (g/persona/día) (promedio de 3 años),20122014,2012-2014,g/persona/día,40.6
FS,Datos de Seguridad Alimentaria,44,Colombia,6123,Valor,21014,Suministro medio de proteínas de origen animal (g/persona/día) (promedio de 3 años),20132015,2013-2015,g/persona/día,41.7
FS,Datos de Seguridad Alimentaria,44,Colombia,6123,Valor,21014,Suministro medio de proteínas de origen animal (g/persona/día) (promedio de 3 años),20142016,2014-2016,g/persona/día,42.5
FS,Datos de Seguridad Alimentaria,44,Colombia,6123,Valor,21014,Suministro medio de proteínas de origen animal (g/persona/día) (promedio de 3 años),20152017,2015-2017,g/persona/día,43
FS,Datos de Seguridad Alimentaria,44,Colombia,6123,Valor,21014,Suministro medio de proteínas de origen animal (g/persona/día) (promedio de 3 años),20162018,2016-2018,g/persona/día,43.7
FS,Datos de Seguridad Alimentaria,44,Colombia,6123,Valor,21014,Suministro medio de proteínas de origen animal (g/persona/día) (promedio de 3 años),20172019,2017-2019,g/persona/día,44.5
FS,Datos de Seguridad Alimentaria,44,Colombia,6123,Valor,21014,Suministro medio de proteínas de origen animal (g/persona/día) (promedio de 3 años),20182020,2018-2020,g/persona/día,44.9
FS,Datos de Seguridad Alimentaria,44,Colombia,6123,Valor,21014,Suministro medio de proteínas de origen animal (g/persona/día) (promedio de 3 años),20192021,2019-2021,g/persona/día,45.3
FS,Datos de Seguridad Alimentaria,44,Colombia,6123,Valor,21014,Suministro medio de proteínas de origen animal (g/persona/día) (promedio de 3 años),20202022,2020-2022,g/persona/día,45.9
FS,Datos de Seguridad Alimentaria,44,Colombia,6123,Valor,21014,Suministro medio de proteínas de origen animal (g/persona/día) (promedio de 3 años),20212023,2021-2023,g/persona/día,46.5
FS,Datos de Seguridad Alimentaria,44,Colombia,6126,Valor,22013,"PIB per cápita, PPA ($ a precios internacionales constantes de 2021)",2000,2000,Int$/cap,10813
FS,Datos de Seguridad Alimentaria,44,Colombia,6126,Valor,22013,"PIB per cápita, PPA ($ a precios internacionales constantes de 2021)",2001,2001,Int$/cap,10823
FS,Datos de Seguridad Alimentaria,44,Colombia,6126,Valor,22013,"PIB per cápita, PPA ($ a precios internacionales constantes de 2021)",2002,2002,Int$/cap,10925
FS,Datos de Seguridad Alimentaria,44,Colombia,6126,Valor,22013,"PIB per cápita, PPA ($ a precios internacionales constantes de 2021)",2003,2003,Int$/cap,11183
FS,Datos de Seguridad Alimentaria,44,Colombia,6126,Valor,22013,"PIB per cápita, PPA ($ a precios internacionales constantes de 2021)",2004,2004,Int$/cap,11608
FS,Datos de Seguridad Alimentaria,44,Colombia,6126,Valor,22013,"PIB per cápita, PPA ($ a precios internacionales constantes de 2021)",2005,2005,Int$/cap,11999
FS,Datos de Seguridad Alimentaria,44,Colombia,6126,Valor,22013,"PIB per cápita, PPA ($ a precios internacionales constantes de 2021)",2006,2006,Int$/cap,12637
FS,Datos de Seguridad Alimentaria,44,Colombia,6126,Valor,22013,"PIB per cápita, PPA ($ a precios internacionales constantes de 2021)",2007,2007,Int$/cap,13318
FS,Datos de Seguridad Alimentaria,44,Colombia,6126,Valor,22013,"PIB per cápita, PPA ($ a precios internacionales constantes de 2021)",2008,2008,Int$/cap,13591
FS,Datos de Seguridad Alimentaria,44,Colombia,6126,Valor,22013,"PIB per cápita, PPA ($ a precios internacionales constantes de 2021)",2009,2009,Int$/cap,13587
FS,Datos de Seguridad Alimentaria,44,Colombia,6126,Valor,22013,"PIB per cápita, PPA ($ a precios internacionales constantes de 2021)",2010,2010,Int$/cap,14037
FS,Datos de Seguridad Alimentaria,44,Colombia,6126,Valor,22013,"PIB per cápita, PPA ($ a precios internacionales constantes de 2021)",2011,2011,Int$/cap,14852
FS,Datos de Seguridad Alimentaria,44,Colombia,6126,Valor,22013,"PIB per cápita, PPA ($ a precios internacionales constantes de 2021)",2012,2012,Int$/cap,15279
FS,Datos de Seguridad Alimentaria,44,Colombia,6126,Valor,22013,"PIB per cápita, PPA ($ a precios internacionales constantes de 2021)",2013,2013,Int$/cap,15912
FS,Datos de Seguridad Alimentaria,44,Colombia,6126,Valor,22013,"PIB per cápita, PPA ($ a precios internacionales constantes de 2021)",2014,2014,Int$/cap,16480
FS,Datos de Seguridad Alimentaria,44,Colombia,6126,Valor,22013,"PIB per cápita, PPA ($ a precios internacionales constantes de 2021)",2015,2015,Int$/cap,16821
FS,Datos de Seguridad Alimentaria,44,Colombia,6126,Valor,22013,"PIB per cápita, PPA ($ a precios internacionales constantes de 2021)",2016,2016,Int$/cap,17003
FS,Datos de Seguridad Alimentaria,44,Colombia,6126,Valor,22013,"PIB per cápita, PPA ($ a precios internacionales constantes de 2021)",2017,2017,Int$/cap,16986
FS,Datos de Seguridad Alimentaria,44,Colombia,6126,Valor,22013,"PIB per cápita, PPA ($ a precios internacionales constantes de 2021)",2018,2018,Int$/cap,17104
FS,Datos de Seguridad Alimentaria,44,Colombia,6126,Valor,22013,"PIB per cápita, PPA ($ a precios internacionales constantes de 2021)",2019,2019,Int$/cap,17337
FS,Datos de Seguridad Alimentaria,44,Colombia,6126,Valor,22013,"PIB per cápita, PPA ($ a precios internacionales constantes de 2021)",2020,2020,Int$/cap,15861
FS,Datos de Seguridad Alimentaria,44,Colombia,6126,Valor,22013,"PIB per cápita, PPA ($ a precios internacionales constantes de 2021)",2021,2021,Int$/cap,17383
FS,Datos de Seguridad Alimentaria,44,Colombia,6126,Valor,22013,"PIB per cápita, PPA ($ a precios internacionales constantes de 2021)",2022,2022,Int$/cap,18459
FS,Datos de Seguridad Alimentaria,44,Colombia,6126,Valor,22013,"PIB per cápita, PPA ($ a precios internacionales constantes de 2021)",2023,2023,Int$/cap,18383
FS,Datos de Seguridad Alimentaria,44,Colombia,6126,Valor,22013,"PIB per cápita, PPA ($ a precios internacionales constantes de 2021)",2024,2024,Int$/cap,18477
FS,Datos de Seguridad Alimentaria,44,Colombia,6121,Valor,210041,Prevalencia de la subalimentación (%) (promedio de 3 años),20002002,2000-2002,%,8.6
FS,Datos de Seguridad Alimentaria,44,Colombia,6121,Valor,210041,Prevalencia de la subalimentación (%) (promedio de 3 años),20012003,2001-2003,%,8.9
FS,Datos de Seguridad Alimentaria,44,Colombia,6121,Valor,210041,Prevalencia de la subalimentación (%) (promedio de 3 años),20022004,2002-2004,%,9.6
FS,Datos de Seguridad Alimentaria,44,Colombia,6121,Valor,210041,Prevalencia de la subalimentación (%) (promedio de 3 años),20032005,2003-2005,%,10.4
FS,Datos de Seguridad Alimentaria,44,Colombia,6121,Valor,210041,Prevalencia de la subalimentación (%) (promedio de 3 años),20042006,2004-2006,%,11
FS,Datos de Seguridad Alimentaria,44,Colombia,6121,Valor,210041,Prevalencia de la subalimentación (%) (promedio de 3 años),20052007,2005-2007,%,11.3
FS,Datos de Seguridad Alimentaria,44,Colombia,6121,Valor,210041,Prevalencia de la subalimentación (%) (promedio de 3 años),20062008,2006-2008,%,10.8
FS,Datos de Seguridad Alimentaria,44,Colombia,6121,Valor,210041,Prevalencia de la subalimentación (%) (promedio de 3 años),20072009,2007-2009,%,11.1
FS,Datos de Seguridad Alimentaria,44,Colombia,6121,Valor,210041,Prevalencia de la subalimentación (%) (promedio de 3 años),20082010,2008-2010,%,11.1
FS,Datos de Seguridad Alimentaria,44,Colombia,6121,Valor,210041,Prevalencia de la subalimentación (%) (promedio de 3 años),20092011,2009-2011,%,11.1
FS,Datos de Seguridad Alimentaria,44,Colombia,6121,Valor,210041,Prevalencia de la subalimentación (%) (promedio de 3 años),20102012,2010-2012,%,10
FS,Datos de Seguridad Alimentaria,44,Colombia,6121,Valor,210041,Prevalencia de la subalimentación (%) (promedio de 3 años),20112013,2011-2013,%,8.6
FS,Datos de Seguridad Alimentaria,44,Colombia,6121,Valor,210041,Prevalencia de la subalimentación (%) (promedio de 3 años),20122014,2012-2014,%,7
FS,Datos de Seguridad Alimentaria,44,Colombia,6121,Valor,210041,Prevalencia de la subalimentación (%) (promedio de 3 años),20132015,2013-2015,%,5.8
FS,Datos de Seguridad Alimentaria,44,Colombia,6121,Valor,210041,Prevalencia de la subalimentación (%) (promedio de 3 años),20142016,2014-2016,%,5
FS,Datos de Seguridad Alimentaria,44,Colombia,6121,Valor,210041,Prevalencia de la subalimentación (%) (promedio de 3 años),20152017,2015-2017,%,4.4
FS,Datos de Seguridad Alimentaria,44,Colombia,6121,Valor,210041,Prevalencia de la subalimentación (%) (promedio de 3 años),20162018,2016-2018,%,4.2
FS,Datos de Seguridad Alimentaria,44,Colombia,6121,Valor,210041,Prevalencia de la subalimentación (%) (promedio de 3 años),20172019,2017-2019,%,4.2
FS,Datos de Seguridad Alimentaria,44,Colombia,6121,Valor,210041,Prevalencia de la subalimentación (%) (promedio de 3 años),20182020,2018-2020,%,4.1
FS,Datos de Seguridad Alimentaria,44,Colombia,6121,Valor,210041,Prevalencia de la subalimentación (%) (promedio de 3 años),20192021,2019-2021,%,4.2
FS,Datos de Seguridad Alimentaria,44,Colombia,6121,Valor,210041,Prevalencia de la subalimentación (%) (promedio de 3 años),20202022,2020-2022,%,4.1
FS,Datos de Seguridad Alimentaria,44,Colombia,6121,Valor,210041,Prevalencia de la subalimentación (%) (promedio de 3 años),20212023,2021-2023,%,4.2
FS,Datos de Seguridad Alimentaria,44,Colombia,6121,Valor,210041,Prevalencia de la subalimentación (%) (promedio de 3 años),20222024,2022-2024,%,4.2
FS,Datos de Seguridad Alimentaria,44,Colombia,6121,Valor,210041,Prevalencia de la subalimentación (%) (promedio de 3 años),20232025,2023-2025,%,4.1
FS,Datos de Seguridad Alimentaria,44,Colombia,6132,Valor,210011,Número de personas subalimentadas (millones) (promedio de 3 años),20002002,2000-2002,millones de No.,3.4
FS,Datos de Seguridad Alimentaria,44,Colombia,6132,Valor,210011,Número de personas subalimentadas (millones) (promedio de 3 años),20012003,2001-2003,millones de No.,3.6
FS,Datos de Seguridad Alimentaria,44,Colombia,6132,Valor,210011,Número de personas subalimentadas (millones) (promedio de 3 años),20022004,2002-2004,millones de No.,3.9
FS,Datos de Seguridad Alimentaria,44,Colombia,6132,Valor,210011,Número de personas subalimentadas (millones) (promedio de 3 años),20032005,2003-2005,millones de No.,4.3
FS,Datos de Seguridad Alimentaria,44,Colombia,6132,Valor,210011,Número de personas subalimentadas (millones) (promedio de 3 años),20042006,2004-2006,millones de No.,4.6
FS,Datos de Seguridad Alimentaria,44,Colombia,6132,Valor,210011,Número de personas subalimentadas (millones) (promedio de 3 años),20052007,2005-2007,millones de No.,4.8
FS,Datos de Seguridad Alimentaria,44,Colombia,6132,Valor,210011,Número de personas subalimentadas (millones) (promedio de 3 años),20062008,2006-2008,millones de No.,4.7
FS,Datos de Seguridad Alimentaria,44,Colombia,6132,Valor,210011,Número de personas subalimentadas (millones) (promedio de 3 años),20072009,2007-2009,millones de No.,4.8
FS,Datos de Seguridad Alimentaria,44,Colombia,6132,Valor,210011,Número de personas subalimentadas (millones) (promedio de 3 años),20082010,2008-2010,millones de No.,4.9
FS,Datos de Seguridad Alimentaria,44,Colombia,6132,Valor,210011,Número de personas subalimentadas (millones) (promedio de 3 años),20092011,2009-2011,millones de No.,5
FS,Datos de Seguridad Alimentaria,44,Colombia,6132,Valor,210011,Número de personas subalimentadas (millones) (promedio de 3 años),20102012,2010-2012,millones de No.,4.5
FS,Datos de Seguridad Alimentaria,44,Colombia,6132,Valor,210011,Número de personas subalimentadas (millones) (promedio de 3 años),20112013,2011-2013,millones de No.,3.9
FS,Datos de Seguridad Alimentaria,44,Colombia,6132,Valor,210011,Número de personas subalimentadas (millones) (promedio de 3 años),20122014,2012-2014,millones de No.,3.3
FS,Datos de Seguridad Alimentaria,44,Colombia,6132,Valor,210011,Número de personas subalimentadas (millones) (promedio de 3 años),20132015,2013-2015,millones de No.,2.7
FS,Datos de Seguridad Alimentaria,44,Colombia,6132,Valor,210011,Número de personas subalimentadas (millones) (promedio de 3 años),20142016,2014-2016,millones de No.,2.3
FS,Datos de Seguridad Alimentaria,44,Colombia,6132,Valor,210011,Número de personas subalimentadas (millones) (promedio de 3 años),20152017,2015-2017,millones de No.,2.1
FS,Datos de Seguridad Alimentaria,44,Colombia,6132,Valor,210011,Número de personas subalimentadas (millones) (promedio de 3 años),20162018,2016-2018,millones de No.,2
FS,Datos de Seguridad Alimentaria,44,Colombia,6132,Valor,210011,Número de personas subalimentadas (millones) (promedio de 3 años),20172019,2017-2019,millones de No.,2.1
FS,Datos de Seguridad Alimentaria,44,Colombia,6132,Valor,210011,Número de personas subalimentadas (millones) (promedio de 3 años),20182020,2018-2020,millones de No.,2.1
FS,Datos de Seguridad Alimentaria,44,Colombia,6132,Valor,210011,Número de personas subalimentadas (millones) (promedio de 3 años),20192021,2019-2021,millones de No.,2.1
FS,Datos de Seguridad Alimentaria,44,Colombia,6132,Valor,210011,Número de personas subalimentadas (millones) (promedio de 3 años),20202022,2020-2022,millones de No.,2.1
FS,Datos de Seguridad Alimentaria,44,Colombia,6132,Valor,210011,Número de personas subalimentadas (millones) (promedio de 3 años),20212023,2021-2023,millones de No.,2.2
FS,Datos de Seguridad Alimentaria,44,Colombia,6132,Valor,210011,Número de personas subalimentadas (millones) (promedio de 3 años),20222024,2022-2024,millones de No.,2.2
FS,Datos de Seguridad Alimentaria,44,Colombia,6132,Valor,210011,Número de personas subalimentadas (millones) (promedio de 3 años),20232025,2023-2025,millones de No.,2.2
FS,Datos de Seguridad Alimentaria,44,Colombia,6121,Valor,210401,Prevalencia de la inseguridad alimentaria grave en la población total (%) (promedio de 3 años),20142016,2014-2016,%,4.9
FS,Datos de Seguridad Alimentaria,44,Colombia,61211,Confidence interval: Lower bound,210401,Prevalencia de la inseguridad alimentaria grave en la población total (%) (promedio de 3 años),20142016,2014-2016,%,4.6
FS,Datos de Seguridad Alimentaria,44,Colombia,61212,Confidence interval: Upper bound,210401,Prevalencia de la inseguridad alimentaria grave en la población total (%) (promedio de 3 años),20142016,2014-2016,%,5.2
FS,Datos de Seguridad Alimentaria,44,Colombia,6121,Valor,210401,Prevalencia de la inseguridad alimentaria grave en la población total (%) (promedio de 3 años),20152017,2015-2017,%,4.7
FS,Datos de Seguridad Alimentaria,44,Colombia,61211,Confidence interval: Lower bound,210401,Prevalencia de la inseguridad alimentaria grave en la población total (%) (promedio de 3 años),20152017,2015-2017,%,4.4
FS,Datos de Seguridad Alimentaria,44,Colombia,61212,Confidence interval: Upper bound,210401,Prevalencia de la inseguridad alimentaria grave en la población total (%) (promedio de 3 años),20152017,2015-2017,%,5
FS,Datos de Seguridad Alimentaria,44,Colombia,6121,Valor,210401,Prevalencia de la inseguridad alimentaria grave en la población total (%) (promedio de 3 años),20162018,2016-2018,%,4.5
FS,Datos de Seguridad Alimentaria,44,Colombia,61211,Confidence interval: Lower bound,210401,Prevalencia de la inseguridad alimentaria grave en la población total (%) (promedio de 3 años),20162018,2016-2018,%,4.3
FS,Datos de Seguridad Alimentaria,44,Colombia,61212,Confidence interval: Upper bound,210401,Prevalencia de la inseguridad alimentaria grave en la población total (%) (promedio de 3 años),20162018,2016-2018,%,4.8
FS,Datos de Seguridad Alimentaria,44,Colombia,6121,Valor,210401,Prevalencia de la inseguridad alimentaria grave en la población total (%) (promedio de 3 años),20172019,2017-2019,%,4.6
FS,Datos de Seguridad Alimentaria,44,Colombia,61211,Confidence interval: Lower bound,210401,Prevalencia de la inseguridad alimentaria grave en la población total (%) (promedio de 3 años),20172019,2017-2019,%,4.3
FS,Datos de Seguridad Alimentaria,44,Colombia,61212,Confidence interval: Upper bound,210401,Prevalencia de la inseguridad alimentaria grave en la población total (%) (promedio de 3 años),20172019,2017-2019,%,4.9
FS,Datos de Seguridad Alimentaria,44,Colombia,6121,Valor,210401,Prevalencia de la inseguridad alimentaria grave en la población total (%) (promedio de 3 años),20182020,2018-2020,%,4.7
FS,Datos de Seguridad Alimentaria,44,Colombia,61211,Confidence interval: Lower bound,210401,Prevalencia de la inseguridad alimentaria grave en la población total (%) (promedio de 3 años),20182020,2018-2020,%,4.4
FS,Datos de Seguridad Alimentaria,44,Colombia,61212,Confidence interval: Upper bound,210401,Prevalencia de la inseguridad alimentaria grave en la población total (%) (promedio de 3 años),20182020,2018-2020,%,5
FS,Datos de Seguridad Alimentaria,44,Colombia,6121,Valor,210401,Prevalencia de la inseguridad alimentaria grave en la población total (%) (promedio de 3 años),20192021,2019-2021,%,5
FS,Datos de Seguridad Alimentaria,44,Colombia,61211,Confidence interval: Lower bound,210401,Prevalencia de la inseguridad alimentaria grave en la población total (%) (promedio de 3 años),20192021,2019-2021,%,4.8
FS,Datos de Seguridad Alimentaria,44,Colombia,61212,Confidence interval: Upper bound,210401,Prevalencia de la inseguridad alimentaria grave en la población total (%) (promedio de 3 años),20192021,2019-2021,%,5.3
FS,Datos de Seguridad Alimentaria,44,Colombia,6121,Valor,210401,Prevalencia de la inseguridad alimentaria grave en la población total (%) (promedio de 3 años),20202022,2020-2022,%,5.3
FS,Datos de Seguridad Alimentaria,44,Colombia,61211,Confidence interval: Lower bound,210401,Prevalencia de la inseguridad alimentaria grave en la población total (%) (promedio de 3 años),20202022,2020-2022,%,5
FS,Datos de Seguridad Alimentaria,44,Colombia,61212,Confidence interval: Upper bound,210401,Prevalencia de la inseguridad alimentaria grave en la población total (%) (promedio de 3 años),20202022,2020-2022,%,5.5
FS,Datos de Seguridad Alimentaria,44,Colombia,6121,Valor,210401,Prevalencia de la inseguridad alimentaria grave en la población total (%) (promedio de 3 años),20212023,2021-2023,%,5.3
FS,Datos de Seguridad Alimentaria,44,Colombia,61211,Confidence interval: Lower bound,210401,Prevalencia de la inseguridad alimentaria grave en la población total (%) (promedio de 3 años),20212023,2021-2023,%,5
FS,Datos de Seguridad Alimentaria,44,Colombia,61212,Confidence interval: Upper bound,210401,Prevalencia de la inseguridad alimentaria grave en la población total (%) (promedio de 3 años),20212023,2021-2023,%,5.6
FS,Datos de Seguridad Alimentaria,44,Colombia,6121,Valor,210401,Prevalencia de la inseguridad alimentaria grave en la población total (%) (promedio de 3 años),20222024,2022-2024,%,5.2
FS,Datos de Seguridad Alimentaria,44,Colombia,61211,Confidence interval: Lower bound,210401,Prevalencia de la inseguridad alimentaria grave en la población total (%) (promedio de 3 años),20222024,2022-2024,%,4.9
FS,Datos de Seguridad Alimentaria,44,Colombia,61212,Confidence interval: Upper bound,210401,Prevalencia de la inseguridad alimentaria grave en la población total (%) (promedio de 3 años),20222024,2022-2024,%,5.6
FS,Datos de Seguridad Alimentaria,44,Colombia,6121,Valor,210401,Prevalencia de la inseguridad alimentaria grave en la población total (%) (promedio de 3 años),20232025,2023-2025,%,5.2
FS,Datos de Seguridad Alimentaria,44,Colombia,61211,Confidence interval: Lower bound,210401,Prevalencia de la inseguridad alimentaria grave en la población total (%) (promedio de 3 años),20232025,2023-2025,%,4.9
FS,Datos de Seguridad Alimentaria,44,Colombia,61212,Confidence interval: Upper bound,210401,Prevalencia de la inseguridad alimentaria grave en la población total (%) (promedio de 3 años),20232025,2023-2025,%,5.6
FS,Datos de Seguridad Alimentaria,44,Colombia,6121,Valor,210401M,Prevalencia de la inseguridad alimentaria grave en la población adulta masculina (%) (promedio de 3 años),20142016,2014-2016,%,4.7
FS,Datos de Seguridad Alimentaria,44,Colombia,61211,Confidence interval: Lower bound,210401M,Prevalencia de la inseguridad alimentaria grave en la población adulta masculina (%) (promedio de 3 años),20142016,2014-2016,%,4.4
FS,Datos de Seguridad Alimentaria,44,Colombia,61212,Confidence interval: Upper bound,210401M,Prevalencia de la inseguridad alimentaria grave en la población adulta masculina (%) (promedio de 3 años),20142016,2014-2016,%,5
FS,Datos de Seguridad Alimentaria,44,Colombia,6121,Valor,210401M,Prevalencia de la inseguridad alimentaria grave en la población adulta masculina (%) (promedio de 3 años),20152017,2015-2017,%,4.6
FS,Datos de Seguridad Alimentaria,44,Colombia,61211,Confidence interval: Lower bound,210401M,Prevalencia de la inseguridad alimentaria grave en la población adulta masculina (%) (promedio de 3 años),20152017,2015-2017,%,4.3
FS,Datos de Seguridad Alimentaria,44,Colombia,61212,Confidence interval: Upper bound,210401M,Prevalencia de la inseguridad alimentaria grave en la población adulta masculina (%) (promedio de 3 años),20152017,2015-2017,%,4.9
FS,Datos de Seguridad Alimentaria,44,Colombia,6121,Valor,210401M,Prevalencia de la inseguridad alimentaria grave en la población adulta masculina (%) (promedio de 3 años),20162018,2016-2018,%,4.4
FS,Datos de Seguridad Alimentaria,44,Colombia,61211,Confidence interval: Lower bound,210401M,Prevalencia de la inseguridad alimentaria grave en la población adulta masculina (%) (promedio de 3 años),20162018,2016-2018,%,4.1
FS,Datos de Seguridad Alimentaria,44,Colombia,61212,Confidence interval: Upper bound,210401M,Prevalencia de la inseguridad alimentaria grave en la población adulta masculina (%) (promedio de 3 años),20162018,2016-2018,%,4.7
FS,Datos de Seguridad Alimentaria,44,Colombia,6121,Valor,210401M,Prevalencia de la inseguridad alimentaria grave en la población adulta masculina (%) (promedio de 3 años),20172019,2017-2019,%,4.1
FS,Datos de Seguridad Alimentaria,44,Colombia,61211,Confidence interval: Lower bound,210401M,Prevalencia de la inseguridad alimentaria grave en la población adulta masculina (%) (promedio de 3 años),20172019,2017-2019,%,3.8
FS,Datos de Seguridad Alimentaria,44,Colombia,61212,Confidence interval: Upper bound,210401M,Prevalencia de la inseguridad alimentaria grave en la población adulta masculina (%) (promedio de 3 años),20172019,2017-2019,%,4.4
FS,Datos de Seguridad Alimentaria,44,Colombia,6121,Valor,210401M,Prevalencia de la inseguridad alimentaria grave en la población adulta masculina (%) (promedio de 3 años),20182020,2018-2020,%,4.1
FS,Datos de Seguridad Alimentaria,44,Colombia,61211,Confidence interval: Lower bound,210401M,Prevalencia de la inseguridad alimentaria grave en la población adulta masculina (%) (promedio de 3 años),20182020,2018-2020,%,3.8
FS,Datos de Seguridad Alimentaria,44,Colombia,61212,Confidence interval: Upper bound,210401M,Prevalencia de la inseguridad alimentaria grave en la población adulta masculina (%) (promedio de 3 años),20182020,2018-2020,%,4.4
FS,Datos de Seguridad Alimentaria,44,Colombia,6121,Valor,210401M,Prevalencia de la inseguridad alimentaria grave en la población adulta masculina (%) (promedio de 3 años),20192021,2019-2021,%,4.4
FS,Datos de Seguridad Alimentaria,44,Colombia,61211,Confidence interval: Lower bound,210401M,Prevalencia de la inseguridad alimentaria grave en la población adulta masculina (%) (promedio de 3 años),20192021,2019-2021,%,4.1
FS,Datos de Seguridad Alimentaria,44,Colombia,61212,Confidence interval: Upper bound,210401M,Prevalencia de la inseguridad alimentaria grave en la población adulta masculina (%) (promedio de 3 años),20192021,2019-2021,%,4.6
FS,Datos de Seguridad Alimentaria,44,Colombia,6121,Valor,210401M,Prevalencia de la inseguridad alimentaria grave en la población adulta masculina (%) (promedio de 3 años),20202022,2020-2022,%,4.8
FS,Datos de Seguridad Alimentaria,44,Colombia,61211,Confidence interval: Lower bound,210401M,Prevalencia de la inseguridad alimentaria grave en la población adulta masculina (%) (promedio de 3 años),20202022,2020-2022,%,4.6
FS,Datos de Seguridad Alimentaria,44,Colombia,61212,Confidence interval: Upper bound,210401M,Prevalencia de la inseguridad alimentaria grave en la población adulta masculina (%) (promedio de 3 años),20202022,2020-2022,%,5.1
FS,Datos de Seguridad Alimentaria,44,Colombia,6121,Valor,210401M,Prevalencia de la inseguridad alimentaria grave en la población adulta masculina (%) (promedio de 3 años),20212023,2021-2023,%,5
FS,Datos de Seguridad Alimentaria,44,Colombia,61211,Confidence interval: Lower bound,210401M,Prevalencia de la inseguridad alimentaria grave en la población adulta masculina (%) (promedio de 3 años),20212023,2021-2023,%,4.6
FS,Datos de Seguridad Alimentaria,44,Colombia,61212,Confidence interval: Upper bound,210401M,Prevalencia de la inseguridad alimentaria grave en la población adulta masculina (%) (promedio de 3 años),20212023,2021-2023,%,5.3
FS,Datos de Seguridad Alimentaria,44,Colombia,6121,Valor,210401M,Prevalencia de la inseguridad alimentaria grave en la población adulta masculina (%) (promedio de 3 años),20222024,2022-2024,%,4.7
FS,Datos de Seguridad Alimentaria,44,Colombia,61211,Confidence interval: Lower bound,210401M,Prevalencia de la inseguridad alimentaria grave en la población adulta masculina (%) (promedio de 3 años),20222024,2022-2024,%,4.4
FS,Datos de Seguridad Alimentaria,44,Colombia,61212,Confidence interval: Upper bound,210401M,Prevalencia de la inseguridad alimentaria grave en la población adulta masculina (%) (promedio de 3 años),20222024,2022-2024,%,5.1
FS,Datos de Seguridad Alimentaria,44,Colombia,6121,Valor,210401M,Prevalencia de la inseguridad alimentaria grave en la población adulta masculina (%) (promedio de 3 años),20232025,2023-2025,%,4.9
FS,Datos de Seguridad Alimentaria,44,Colombia,61211,Confidence interval: Lower bound,210401M,Prevalencia de la inseguridad alimentaria grave en la población adulta masculina (%) (promedio de 3 años),20232025,2023-2025,%,4.5
FS,Datos de Seguridad Alimentaria,44,Colombia,61212,Confidence interval: Upper bound,210401M,Prevalencia de la inseguridad alimentaria grave en la población adulta masculina (%) (promedio de 3 años),20232025,2023-2025,%,5.3
FS,Datos de Seguridad Alimentaria,44,Colombia,6121,Valor,210401F,Prevalencia de la inseguridad alimentaria grave en la población adulta femenina (%) (promedio de 3 años),20142016,2014-2016,%,5
FS,Datos de Seguridad Alimentaria,44,Colombia,61211,Confidence interval: Lower bound,210401F,Prevalencia de la inseguridad alimentaria grave en la población adulta femenina (%) (promedio de 3 años),20142016,2014-2016,%,4.8
FS,Datos de Seguridad Alimentaria,44,Colombia,61212,Confidence interval: Upper bound,210401F,Prevalencia de la inseguridad alimentaria grave en la población adulta femenina (%) (promedio de 3 años),20142016,2014-2016,%,5.3
FS,Datos de Seguridad Alimentaria,44,Colombia,6121,Valor,210401F,Prevalencia de la inseguridad alimentaria grave en la población adulta femenina (%) (promedio de 3 años),20152017,2015-2017,%,4.8
FS,Datos de Seguridad Alimentaria,44,Colombia,61211,Confidence interval: Lower bound,210401F,Prevalencia de la inseguridad alimentaria grave en la población adulta femenina (%) (promedio de 3 años),20152017,2015-2017,%,4.5
FS,Datos de Seguridad Alimentaria,44,Colombia,61212,Confidence interval: Upper bound,210401F,Prevalencia de la inseguridad alimentaria grave en la población adulta femenina (%) (promedio de 3 años),20152017,2015-2017,%,5
FS,Datos de Seguridad Alimentaria,44,Colombia,6121,Valor,210401F,Prevalencia de la inseguridad alimentaria grave en la población adulta femenina (%) (promedio de 3 años),20162018,2016-2018,%,4.6
FS,Datos de Seguridad Alimentaria,44,Colombia,61211,Confidence interval: Lower bound,210401F,Prevalencia de la inseguridad alimentaria grave en la población adulta femenina (%) (promedio de 3 años),20162018,2016-2018,%,4.4
FS,Datos de Seguridad Alimentaria,44,Colombia,61212,Confidence interval: Upper bound,210401F,Prevalencia de la inseguridad alimentaria grave en la población adulta femenina (%) (promedio de 3 años),20162018,2016-2018,%,4.9
FS,Datos de Seguridad Alimentaria,44,Colombia,6121,Valor,210401F,Prevalencia de la inseguridad alimentaria grave en la población adulta femenina (%) (promedio de 3 años),20172019,2017-2019,%,5
FS,Datos de Seguridad Alimentaria,44,Colombia,61211,Confidence interval: Lower bound,210401F,Prevalencia de la inseguridad alimentaria grave en la población adulta femenina (%) (promedio de 3 años),20172019,2017-2019,%,4.8
FS,Datos de Seguridad Alimentaria,44,Colombia,61212,Confidence interval: Upper bound,210401F,Prevalencia de la inseguridad alimentaria grave en la población adulta femenina (%) (promedio de 3 años),20172019,2017-2019,%,5.3
FS,Datos de Seguridad Alimentaria,44,Colombia,6121,Valor,210401F,Prevalencia de la inseguridad alimentaria grave en la población adulta femenina (%) (promedio de 3 años),20182020,2018-2020,%,5.2
FS,Datos de Seguridad Alimentaria,44,Colombia,61211,Confidence interval: Lower bound,210401F,Prevalencia de la inseguridad alimentaria grave en la población adulta femenina (%) (promedio de 3 años),20182020,2018-2020,%,5
FS,Datos de Seguridad Alimentaria,44,Colombia,61212,Confidence interval: Upper bound,210401F,Prevalencia de la inseguridad alimentaria grave en la población adulta femenina (%) (promedio de 3 años),20182020,2018-2020,%,5.5
FS,Datos de Seguridad Alimentaria,44,Colombia,6121,Valor,210401F,Prevalencia de la inseguridad alimentaria grave en la población adulta femenina (%) (promedio de 3 años),20192021,2019-2021,%,5.7
FS,Datos de Seguridad Alimentaria,44,Colombia,61211,Confidence interval: Lower bound,210401F,Prevalencia de la inseguridad alimentaria grave en la población adulta femenina (%) (promedio de 3 años),20192021,2019-2021,%,5.4
FS,Datos de Seguridad Alimentaria,44,Colombia,61212,Confidence interval: Upper bound,210401F,Prevalencia de la inseguridad alimentaria grave en la población adulta femenina (%) (promedio de 3 años),20192021,2019-2021,%,6
FS,Datos de Seguridad Alimentaria,44,Colombia,6121,Valor,210401F,Prevalencia de la inseguridad alimentaria grave en la población adulta femenina (%) (promedio de 3 años),20202022,2020-2022,%,5.7
FS,Datos de Seguridad Alimentaria,44,Colombia,61211,Confidence interval: Lower bound,210401F,Prevalencia de la inseguridad alimentaria grave en la población adulta femenina (%) (promedio de 3 años),20202022,2020-2022,%,5.4
FS,Datos de Seguridad Alimentaria,44,Colombia,61212,Confidence interval: Upper bound,210401F,Prevalencia de la inseguridad alimentaria grave en la población adulta femenina (%) (promedio de 3 años),20202022,2020-2022,%,6
FS,Datos de Seguridad Alimentaria,44,Colombia,6121,Valor,210401F,Prevalencia de la inseguridad alimentaria grave en la población adulta femenina (%) (promedio de 3 años),20212023,2021-2023,%,5.7
FS,Datos de Seguridad Alimentaria,44,Colombia,61211,Confidence interval: Lower bound,210401F,Prevalencia de la inseguridad alimentaria grave en la población adulta femenina (%) (promedio de 3 años),20212023,2021-2023,%,5.4
FS,Datos de Seguridad Alimentaria,44,Colombia,61212,Confidence interval: Upper bound,210401F,Prevalencia de la inseguridad alimentaria grave en la población adulta femenina (%) (promedio de 3 años),20212023,2021-2023,%,6
FS,Datos de Seguridad Alimentaria,44,Colombia,6121,Valor,210401F,Prevalencia de la inseguridad alimentaria grave en la población adulta femenina (%) (promedio de 3 años),20222024,2022-2024,%,5.7
FS,Datos de Seguridad Alimentaria,44,Colombia,61211,Confidence interval: Lower bound,210401F,Prevalencia de la inseguridad alimentaria grave en la población adulta femenina (%) (promedio de 3 años),20222024,2022-2024,%,5.4
FS,Datos de Seguridad Alimentaria,44,Colombia,61212,Confidence interval: Upper bound,210401F,Prevalencia de la inseguridad alimentaria grave en la población adulta femenina (%) (promedio de 3 años),20222024,2022-2024,%,6
FS,Datos de Seguridad Alimentaria,44,Colombia,6121,Valor,210401F,Prevalencia de la inseguridad alimentaria grave en la población adulta femenina (%) (promedio de 3 años),20232025,2023-2025,%,5.6
FS,Datos de Seguridad Alimentaria,44,Colombia,61211,Confidence interval: Lower bound,210401F,Prevalencia de la inseguridad alimentaria grave en la población adulta femenina (%) (promedio de 3 años),20232025,2023-2025,%,5.2
FS,Datos de Seguridad Alimentaria,44,Colombia,61212,Confidence interval: Upper bound,210401F,Prevalencia de la inseguridad alimentaria grave en la población adulta femenina (%) (promedio de 3 años),20232025,2023-2025,%,5.9
FS,Datos de Seguridad Alimentaria,44,Colombia,6121,Valor,210091,Prevalencia de la inseguridad alimentaria moderada o grave en la población total (%) (promedio de 3 años),20142016,2014-2016,%,19.9
FS,Datos de Seguridad Alimentaria,44,Colombia,61211,Confidence interval: Lower bound,210091,Prevalencia de la inseguridad alimentaria moderada o grave en la población total (%) (promedio de 3 años),20142016,2014-2016,%,19.2
FS,Datos de Seguridad Alimentaria,44,Colombia,61212,Confidence interval: Upper bound,210091,Prevalencia de la inseguridad alimentaria moderada o grave en la población total (%) (promedio de 3 años),20142016,2014-2016,%,20.7
FS,Datos de Seguridad Alimentaria,44,Colombia,6121,Valor,210091,Prevalencia de la inseguridad alimentaria moderada o grave en la población total (%) (promedio de 3 años),20152017,2015-2017,%,22.3
FS,Datos de Seguridad Alimentaria,44,Colombia,61211,Confidence interval: Lower bound,210091,Prevalencia de la inseguridad alimentaria moderada o grave en la población total (%) (promedio de 3 años),20152017,2015-2017,%,21.5
FS,Datos de Seguridad Alimentaria,44,Colombia,61212,Confidence interval: Upper bound,210091,Prevalencia de la inseguridad alimentaria moderada o grave en la población total (%) (promedio de 3 años),20152017,2015-2017,%,23
FS,Datos de Seguridad Alimentaria,44,Colombia,6121,Valor,210091,Prevalencia de la inseguridad alimentaria moderada o grave en la población total (%) (promedio de 3 años),20162018,2016-2018,%,24.9
FS,Datos de Seguridad Alimentaria,44,Colombia,61211,Confidence interval: Lower bound,210091,Prevalencia de la inseguridad alimentaria moderada o grave en la población total (%) (promedio de 3 años),20162018,2016-2018,%,24.1
FS,Datos de Seguridad Alimentaria,44,Colombia,61212,Confidence interval: Upper bound,210091,Prevalencia de la inseguridad alimentaria moderada o grave en la población total (%) (promedio de 3 años),20162018,2016-2018,%,25.7
FS,Datos de Seguridad Alimentaria,44,Colombia,6121,Valor,210091,Prevalencia de la inseguridad alimentaria moderada o grave en la población total (%) (promedio de 3 años),20172019,2017-2019,%,26.5
FS,Datos de Seguridad Alimentaria,44,Colombia,61211,Confidence interval: Lower bound,210091,Prevalencia de la inseguridad alimentaria moderada o grave en la población total (%) (promedio de 3 años),20172019,2017-2019,%,25.8
FS,Datos de Seguridad Alimentaria,44,Colombia,61212,Confidence interval: Upper bound,210091,Prevalencia de la inseguridad alimentaria moderada o grave en la población total (%) (promedio de 3 años),20172019,2017-2019,%,27.3
FS,Datos de Seguridad Alimentaria,44,Colombia,6121,Valor,210091,Prevalencia de la inseguridad alimentaria moderada o grave en la población total (%) (promedio de 3 años),20182020,2018-2020,%,28.5
FS,Datos de Seguridad Alimentaria,44,Colombia,61211,Confidence interval: Lower bound,210091,Prevalencia de la inseguridad alimentaria moderada o grave en la población total (%) (promedio de 3 años),20182020,2018-2020,%,27.7
FS,Datos de Seguridad Alimentaria,44,Colombia,61212,Confidence interval: Upper bound,210091,Prevalencia de la inseguridad alimentaria moderada o grave en la población total (%) (promedio de 3 años),20182020,2018-2020,%,29.2
FS,Datos de Seguridad Alimentaria,44,Colombia,6121,Valor,210091,Prevalencia de la inseguridad alimentaria moderada o grave en la población total (%) (promedio de 3 años),20192021,2019-2021,%,30.5
FS,Datos de Seguridad Alimentaria,44,Colombia,61211,Confidence interval: Lower bound,210091,Prevalencia de la inseguridad alimentaria moderada o grave en la población total (%) (promedio de 3 años),20192021,2019-2021,%,29.7
FS,Datos de Seguridad Alimentaria,44,Colombia,61212,Confidence interval: Upper bound,210091,Prevalencia de la inseguridad alimentaria moderada o grave en la población total (%) (promedio de 3 años),20192021,2019-2021,%,31.3
FS,Datos de Seguridad Alimentaria,44,Colombia,6121,Valor,210091,Prevalencia de la inseguridad alimentaria moderada o grave en la población total (%) (promedio de 3 años),20202022,2020-2022,%,31.6
FS,Datos de Seguridad Alimentaria,44,Colombia,61211,Confidence interval: Lower bound,210091,Prevalencia de la inseguridad alimentaria moderada o grave en la población total (%) (promedio de 3 años),20202022,2020-2022,%,30.8
FS,Datos de Seguridad Alimentaria,44,Colombia,61212,Confidence interval: Upper bound,210091,Prevalencia de la inseguridad alimentaria moderada o grave en la población total (%) (promedio de 3 años),20202022,2020-2022,%,32.3
FS,Datos de Seguridad Alimentaria,44,Colombia,6121,Valor,210091,Prevalencia de la inseguridad alimentaria moderada o grave en la población total (%) (promedio de 3 años),20212023,2021-2023,%,30.6
FS,Datos de Seguridad Alimentaria,44,Colombia,61211,Confidence interval: Lower bound,210091,Prevalencia de la inseguridad alimentaria moderada o grave en la población total (%) (promedio de 3 años),20212023,2021-2023,%,29.8
FS,Datos de Seguridad Alimentaria,44,Colombia,61212,Confidence interval: Upper bound,210091,Prevalencia de la inseguridad alimentaria moderada o grave en la población total (%) (promedio de 3 años),20212023,2021-2023,%,31.4
FS,Datos de Seguridad Alimentaria,44,Colombia,6121,Valor,210091,Prevalencia de la inseguridad alimentaria moderada o grave en la población total (%) (promedio de 3 años),20222024,2022-2024,%,28.9
FS,Datos de Seguridad Alimentaria,44,Colombia,61211,Confidence interval: Lower bound,210091,Prevalencia de la inseguridad alimentaria moderada o grave en la población total (%) (promedio de 3 años),20222024,2022-2024,%,28
FS,Datos de Seguridad Alimentaria,44,Colombia,61212,Confidence interval: Upper bound,210091,Prevalencia de la inseguridad alimentaria moderada o grave en la población total (%) (promedio de 3 años),20222024,2022-2024,%,29.8
FS,Datos de Seguridad Alimentaria,44,Colombia,6121,Valor,210091,Prevalencia de la inseguridad alimentaria moderada o grave en la población total (%) (promedio de 3 años),20232025,2023-2025,%,28
FS,Datos de Seguridad Alimentaria,44,Colombia,61211,Confidence interval: Lower bound,210091,Prevalencia de la inseguridad alimentaria moderada o grave en la población total (%) (promedio de 3 años),20232025,2023-2025,%,27.1
FS,Datos de Seguridad Alimentaria,44,Colombia,61212,Confidence interval: Upper bound,210091,Prevalencia de la inseguridad alimentaria moderada o grave en la población total (%) (promedio de 3 años),20232025,2023-2025,%,29
FS,Datos de Seguridad Alimentaria,44,Colombia,6121,Valor,210091M,Prevalencia de la inseguridad alimentaria moderada o grave en la población adulta masculina (%) (promedio de 3 años),20142016,2014-2016,%,18.8
FS,Datos de Seguridad Alimentaria,44,Colombia,61211,Confidence interval: Lower bound,210091M,Prevalencia de la inseguridad alimentaria moderada o grave en la población adulta masculina (%) (promedio de 3 años),20142016,2014-2016,%,17.9
FS,Datos de Seguridad Alimentaria,44,Colombia,61212,Confidence interval: Upper bound,210091M,Prevalencia de la inseguridad alimentaria moderada o grave en la población adulta masculina (%) (promedio de 3 años),20142016,2014-2016,%,19.6
FS,Datos de Seguridad Alimentaria,44,Colombia,6121,Valor,210091M,Prevalencia de la inseguridad alimentaria moderada o grave en la población adulta masculina (%) (promedio de 3 años),20152017,2015-2017,%,21.2
FS,Datos de Seguridad Alimentaria,44,Colombia,61211,Confidence interval: Lower bound,210091M,Prevalencia de la inseguridad alimentaria moderada o grave en la población adulta masculina (%) (promedio de 3 años),20152017,2015-2017,%,20.4
FS,Datos de Seguridad Alimentaria,44,Colombia,61212,Confidence interval: Upper bound,210091M,Prevalencia de la inseguridad alimentaria moderada o grave en la población adulta masculina (%) (promedio de 3 años),20152017,2015-2017,%,22
FS,Datos de Seguridad Alimentaria,44,Colombia,6121,Valor,210091M,Prevalencia de la inseguridad alimentaria moderada o grave en la población adulta masculina (%) (promedio de 3 años),20162018,2016-2018,%,22.9
FS,Datos de Seguridad Alimentaria,44,Colombia,61211,Confidence interval: Lower bound,210091M,Prevalencia de la inseguridad alimentaria moderada o grave en la población adulta masculina (%) (promedio de 3 años),20162018,2016-2018,%,22.1
FS,Datos de Seguridad Alimentaria,44,Colombia,61212,Confidence interval: Upper bound,210091M,Prevalencia de la inseguridad alimentaria moderada o grave en la población adulta masculina (%) (promedio de 3 años),20162018,2016-2018,%,23.7
FS,Datos de Seguridad Alimentaria,44,Colombia,6121,Valor,210091M,Prevalencia de la inseguridad alimentaria moderada o grave en la población adulta masculina (%) (promedio de 3 años),20172019,2017-2019,%,23.5
FS,Datos de Seguridad Alimentaria,44,Colombia,61211,Confidence interval: Lower bound,210091M,Prevalencia de la inseguridad alimentaria moderada o grave en la población adulta masculina (%) (promedio de 3 años),20172019,2017-2019,%,22.7
FS,Datos de Seguridad Alimentaria,44,Colombia,61212,Confidence interval: Upper bound,210091M,Prevalencia de la inseguridad alimentaria moderada o grave en la población adulta masculina (%) (promedio de 3 años),20172019,2017-2019,%,24.3
FS,Datos de Seguridad Alimentaria,44,Colombia,6121,Valor,210091M,Prevalencia de la inseguridad alimentaria moderada o grave en la población adulta masculina (%) (promedio de 3 años),20182020,2018-2020,%,24.8
FS,Datos de Seguridad Alimentaria,44,Colombia,61211,Confidence interval: Lower bound,210091M,Prevalencia de la inseguridad alimentaria moderada o grave en la población adulta masculina (%) (promedio de 3 años),20182020,2018-2020,%,24
FS,Datos de Seguridad Alimentaria,44,Colombia,61212,Confidence interval: Upper bound,210091M,Prevalencia de la inseguridad alimentaria moderada o grave en la población adulta masculina (%) (promedio de 3 años),20182020,2018-2020,%,25.7
FS,Datos de Seguridad Alimentaria,44,Colombia,6121,Valor,210091M,Prevalencia de la inseguridad alimentaria moderada o grave en la población adulta masculina (%) (promedio de 3 años),20192021,2019-2021,%,26.4
FS,Datos de Seguridad Alimentaria,44,Colombia,61211,Confidence interval: Lower bound,210091M,Prevalencia de la inseguridad alimentaria moderada o grave en la población adulta masculina (%) (promedio de 3 años),20192021,2019-2021,%,25.6
FS,Datos de Seguridad Alimentaria,44,Colombia,61212,Confidence interval: Upper bound,210091M,Prevalencia de la inseguridad alimentaria moderada o grave en la población adulta masculina (%) (promedio de 3 años),20192021,2019-2021,%,27.2
FS,Datos de Seguridad Alimentaria,44,Colombia,6121,Valor,210091M,Prevalencia de la inseguridad alimentaria moderada o grave en la población adulta masculina (%) (promedio de 3 años),20202022,2020-2022,%,27.8
FS,Datos de Seguridad Alimentaria,44,Colombia,61211,Confidence interval: Lower bound,210091M,Prevalencia de la inseguridad alimentaria moderada o grave en la población adulta masculina (%) (promedio de 3 años),20202022,2020-2022,%,27
FS,Datos de Seguridad Alimentaria,44,Colombia,61212,Confidence interval: Upper bound,210091M,Prevalencia de la inseguridad alimentaria moderada o grave en la población adulta masculina (%) (promedio de 3 años),20202022,2020-2022,%,28.6
FS,Datos de Seguridad Alimentaria,44,Colombia,6121,Valor,210091M,Prevalencia de la inseguridad alimentaria moderada o grave en la población adulta masculina (%) (promedio de 3 años),20212023,2021-2023,%,27
FS,Datos de Seguridad Alimentaria,44,Colombia,61211,Confidence interval: Lower bound,210091M,Prevalencia de la inseguridad alimentaria moderada o grave en la población adulta masculina (%) (promedio de 3 años),20212023,2021-2023,%,26.2
FS,Datos de Seguridad Alimentaria,44,Colombia,61212,Confidence interval: Upper bound,210091M,Prevalencia de la inseguridad alimentaria moderada o grave en la población adulta masculina (%) (promedio de 3 años),20212023,2021-2023,%,27.9
FS,Datos de Seguridad Alimentaria,44,Colombia,6121,Valor,210091M,Prevalencia de la inseguridad alimentaria moderada o grave en la población adulta masculina (%) (promedio de 3 años),20222024,2022-2024,%,25
FS,Datos de Seguridad Alimentaria,44,Colombia,61211,Confidence interval: Lower bound,210091M,Prevalencia de la inseguridad alimentaria moderada o grave en la población adulta masculina (%) (promedio de 3 años),20222024,2022-2024,%,24.1
FS,Datos de Seguridad Alimentaria,44,Colombia,61212,Confidence interval: Upper bound,210091M,Prevalencia de la inseguridad alimentaria moderada o grave en la población adulta masculina (%) (promedio de 3 años),20222024,2022-2024,%,26
FS,Datos de Seguridad Alimentaria,44,Colombia,6121,Valor,210091M,Prevalencia de la inseguridad alimentaria moderada o grave en la población adulta masculina (%) (promedio de 3 años),20232025,2023-2025,%,25.7
FS,Datos de Seguridad Alimentaria,44,Colombia,61211,Confidence interval: Lower bound,210091M,Prevalencia de la inseguridad alimentaria moderada o grave en la población adulta masculina (%) (promedio de 3 años),20232025,2023-2025,%,24.7
FS,Datos de Seguridad Alimentaria,44,Colombia,61212,Confidence interval: Upper bound,210091M,Prevalencia de la inseguridad alimentaria moderada o grave en la población adulta masculina (%) (promedio de 3 años),20232025,2023-2025,%,26.7
FS,Datos de Seguridad Alimentaria,44,Colombia,6121,Valor,210091F,Prevalencia de la inseguridad alimentaria moderada o grave en la población adulta femenina (%) (promedio de 3 años),20142016,2014-2016,%,21.2
FS,Datos de Seguridad Alimentaria,44,Colombia,61211,Confidence interval: Lower bound,210091F,Prevalencia de la inseguridad alimentaria moderada o grave en la población adulta femenina (%) (promedio de 3 años),20142016,2014-2016,%,20.5
FS,Datos de Seguridad Alimentaria,44,Colombia,61212,Confidence interval: Upper bound,210091F,Prevalencia de la inseguridad alimentaria moderada o grave en la población adulta femenina (%) (promedio de 3 años),20142016,2014-2016,%,21.8
FS,Datos de Seguridad Alimentaria,44,Colombia,6121,Valor,210091F,Prevalencia de la inseguridad alimentaria moderada o grave en la población adulta femenina (%) (promedio de 3 años),20152017,2015-2017,%,23.4
FS,Datos de Seguridad Alimentaria,44,Colombia,61211,Confidence interval: Lower bound,210091F,Prevalencia de la inseguridad alimentaria moderada o grave en la población adulta femenina (%) (promedio de 3 años),20152017,2015-2017,%,22.7
FS,Datos de Seguridad Alimentaria,44,Colombia,61212,Confidence interval: Upper bound,210091F,Prevalencia de la inseguridad alimentaria moderada o grave en la población adulta femenina (%) (promedio de 3 años),20152017,2015-2017,%,24.1
FS,Datos de Seguridad Alimentaria,44,Colombia,6121,Valor,210091F,Prevalencia de la inseguridad alimentaria moderada o grave en la población adulta femenina (%) (promedio de 3 años),20162018,2016-2018,%,26.9
FS,Datos de Seguridad Alimentaria,44,Colombia,61211,Confidence interval: Lower bound,210091F,Prevalencia de la inseguridad alimentaria moderada o grave en la población adulta femenina (%) (promedio de 3 años),20162018,2016-2018,%,26.2
FS,Datos de Seguridad Alimentaria,44,Colombia,61212,Confidence interval: Upper bound,210091F,Prevalencia de la inseguridad alimentaria moderada o grave en la población adulta femenina (%) (promedio de 3 años),20162018,2016-2018,%,27.6
FS,Datos de Seguridad Alimentaria,44,Colombia,6121,Valor,210091F,Prevalencia de la inseguridad alimentaria moderada o grave en la población adulta femenina (%) (promedio de 3 años),20172019,2017-2019,%,29.6
FS,Datos de Seguridad Alimentaria,44,Colombia,61211,Confidence interval: Lower bound,210091F,Prevalencia de la inseguridad alimentaria moderada o grave en la población adulta femenina (%) (promedio de 3 años),20172019,2017-2019,%,28.9
FS,Datos de Seguridad Alimentaria,44,Colombia,61212,Confidence interval: Upper bound,210091F,Prevalencia de la inseguridad alimentaria moderada o grave en la población adulta femenina (%) (promedio de 3 años),20172019,2017-2019,%,30.3
FS,Datos de Seguridad Alimentaria,44,Colombia,6121,Valor,210091F,Prevalencia de la inseguridad alimentaria moderada o grave en la población adulta femenina (%) (promedio de 3 años),20182020,2018-2020,%,32.1
FS,Datos de Seguridad Alimentaria,44,Colombia,61211,Confidence interval: Lower bound,210091F,Prevalencia de la inseguridad alimentaria moderada o grave en la población adulta femenina (%) (promedio de 3 años),20182020,2018-2020,%,31.4
FS,Datos de Seguridad Alimentaria,44,Colombia,61212,Confidence interval: Upper bound,210091F,Prevalencia de la inseguridad alimentaria moderada o grave en la población adulta femenina (%) (promedio de 3 años),20182020,2018-2020,%,32.8
FS,Datos de Seguridad Alimentaria,44,Colombia,6121,Valor,210091F,Prevalencia de la inseguridad alimentaria moderada o grave en la población adulta femenina (%) (promedio de 3 años),20192021,2019-2021,%,34.6
FS,Datos de Seguridad Alimentaria,44,Colombia,61211,Confidence interval: Lower bound,210091F,Prevalencia de la inseguridad alimentaria moderada o grave en la población adulta femenina (%) (promedio de 3 años),20192021,2019-2021,%,33.9
FS,Datos de Seguridad Alimentaria,44,Colombia,61212,Confidence interval: Upper bound,210091F,Prevalencia de la inseguridad alimentaria moderada o grave en la población adulta femenina (%) (promedio de 3 años),20192021,2019-2021,%,35.3
FS,Datos de Seguridad Alimentaria,44,Colombia,6121,Valor,210091F,Prevalencia de la inseguridad alimentaria moderada o grave en la población adulta femenina (%) (promedio de 3 años),20202022,2020-2022,%,35.3
FS,Datos de Seguridad Alimentaria,44,Colombia,61211,Confidence interval: Lower bound,210091F,Prevalencia de la inseguridad alimentaria moderada o grave en la población adulta femenina (%) (promedio de 3 años),20202022,2020-2022,%,34.6
FS,Datos de Seguridad Alimentaria,44,Colombia,61212,Confidence interval: Upper bound,210091F,Prevalencia de la inseguridad alimentaria moderada o grave en la población adulta femenina (%) (promedio de 3 años),20202022,2020-2022,%,36
FS,Datos de Seguridad Alimentaria,44,Colombia,6121,Valor,210091F,Prevalencia de la inseguridad alimentaria moderada o grave en la población adulta femenina (%) (promedio de 3 años),20212023,2021-2023,%,34.1
FS,Datos de Seguridad Alimentaria,44,Colombia,61211,Confidence interval: Lower bound,210091F,Prevalencia de la inseguridad alimentaria moderada o grave en la población adulta femenina (%) (promedio de 3 años),20212023,2021-2023,%,33.3
FS,Datos de Seguridad Alimentaria,44,Colombia,61212,Confidence interval: Upper bound,210091F,Prevalencia de la inseguridad alimentaria moderada o grave en la población adulta femenina (%) (promedio de 3 años),20212023,2021-2023,%,34.9
FS,Datos de Seguridad Alimentaria,44,Colombia,6121,Valor,210091F,Prevalencia de la inseguridad alimentaria moderada o grave en la población adulta femenina (%) (promedio de 3 años),20222024,2022-2024,%,32.8
FS,Datos de Seguridad Alimentaria,44,Colombia,61211,Confidence interval: Lower bound,210091F,Prevalencia de la inseguridad alimentaria moderada o grave en la población adulta femenina (%) (promedio de 3 años),20222024,2022-2024,%,32
FS,Datos de Seguridad Alimentaria,44,Colombia,61212,Confidence interval: Upper bound,210091F,Prevalencia de la inseguridad alimentaria moderada o grave en la población adulta femenina (%) (promedio de 3 años),20222024,2022-2024,%,33.6
FS,Datos de Seguridad Alimentaria,44,Colombia,6121,Valor,210091F,Prevalencia de la inseguridad alimentaria moderada o grave en la población adulta femenina (%) (promedio de 3 años),20232025,2023-2025,%,30.3
FS,Datos de Seguridad Alimentaria,44,Colombia,61211,Confidence interval: Lower bound,210091F,Prevalencia de la inseguridad alimentaria moderada o grave en la población adulta femenina (%) (promedio de 3 años),20232025,2023-2025,%,29.5
FS,Datos de Seguridad Alimentaria,44,Colombia,61212,Confidence interval: Upper bound,210091F,Prevalencia de la inseguridad alimentaria moderada o grave en la población adulta femenina (%) (promedio de 3 años),20232025,2023-2025,%,31.2
FS,Datos de Seguridad Alimentaria,44,Colombia,6132,Valor,210071,Número de personas que padecen inseguridad alimentaria grave (millones) (promedio de 3 años),20142016,2014-2016,millones de No.,2.3
FS,Datos de Seguridad Alimentaria,44,Colombia,61321,Confidence interval: Lower bound,210071,Número de personas que padecen inseguridad alimentaria grave (millones) (promedio de 3 años),20142016,2014-2016,millones de No.,2.2
FS,Datos de Seguridad Alimentaria,44,Colombia,61322,Confidence interval: Upper bound,210071,Número de personas que padecen inseguridad alimentaria grave (millones) (promedio de 3 años),20142016,2014-2016,millones de No.,2.4
FS,Datos de Seguridad Alimentaria,44,Colombia,6132,Valor,210071,Número de personas que padecen inseguridad alimentaria grave (millones) (promedio de 3 años),20152017,2015-2017,millones de No.,2.2
FS,Datos de Seguridad Alimentaria,44,Colombia,61321,Confidence interval: Lower bound,210071,Número de personas que padecen inseguridad alimentaria grave (millones) (promedio de 3 años),20152017,2015-2017,millones de No.,2.1
FS,Datos de Seguridad Alimentaria,44,Colombia,61322,Confidence interval: Upper bound,210071,Número de personas que padecen inseguridad alimentaria grave (millones) (promedio de 3 años),20152017,2015-2017,millones de No.,2.4
FS,Datos de Seguridad Alimentaria,44,Colombia,6132,Valor,210071,Número de personas que padecen inseguridad alimentaria grave (millones) (promedio de 3 años),20162018,2016-2018,millones de No.,2.2
FS,Datos de Seguridad Alimentaria,44,Colombia,61321,Confidence interval: Lower bound,210071,Número de personas que padecen inseguridad alimentaria grave (millones) (promedio de 3 años),20162018,2016-2018,millones de No.,2.1
FS,Datos de Seguridad Alimentaria,44,Colombia,61322,Confidence interval: Upper bound,210071,Número de personas que padecen inseguridad alimentaria grave (millones) (promedio de 3 años),20162018,2016-2018,millones de No.,2.3
FS,Datos de Seguridad Alimentaria,44,Colombia,6132,Valor,210071,Número de personas que padecen inseguridad alimentaria grave (millones) (promedio de 3 años),20172019,2017-2019,millones de No.,2.2
FS,Datos de Seguridad Alimentaria,44,Colombia,61321,Confidence interval: Lower bound,210071,Número de personas que padecen inseguridad alimentaria grave (millones) (promedio de 3 años),20172019,2017-2019,millones de No.,2.1
FS,Datos de Seguridad Alimentaria,44,Colombia,61322,Confidence interval: Upper bound,210071,Número de personas que padecen inseguridad alimentaria grave (millones) (promedio de 3 años),20172019,2017-2019,millones de No.,2.4
FS,Datos de Seguridad Alimentaria,44,Colombia,6132,Valor,210071,Número de personas que padecen inseguridad alimentaria grave (millones) (promedio de 3 años),20182020,2018-2020,millones de No.,2.3
FS,Datos de Seguridad Alimentaria,44,Colombia,61321,Confidence interval: Lower bound,210071,Número de personas que padecen inseguridad alimentaria grave (millones) (promedio de 3 años),20182020,2018-2020,millones de No.,2.2
FS,Datos de Seguridad Alimentaria,44,Colombia,61322,Confidence interval: Upper bound,210071,Número de personas que padecen inseguridad alimentaria grave (millones) (promedio de 3 años),20182020,2018-2020,millones de No.,2.5
FS,Datos de Seguridad Alimentaria,44,Colombia,6132,Valor,210071,Número de personas que padecen inseguridad alimentaria grave (millones) (promedio de 3 años),20192021,2019-2021,millones de No.,2.6
FS,Datos de Seguridad Alimentaria,44,Colombia,61321,Confidence interval: Lower bound,210071,Número de personas que padecen inseguridad alimentaria grave (millones) (promedio de 3 años),20192021,2019-2021,millones de No.,2.4
FS,Datos de Seguridad Alimentaria,44,Colombia,61322,Confidence interval: Upper bound,210071,Número de personas que padecen inseguridad alimentaria grave (millones) (promedio de 3 años),20192021,2019-2021,millones de No.,2.7
FS,Datos de Seguridad Alimentaria,44,Colombia,6132,Valor,210071,Número de personas que padecen inseguridad alimentaria grave (millones) (promedio de 3 años),20202022,2020-2022,millones de No.,2.7
FS,Datos de Seguridad Alimentaria,44,Colombia,61321,Confidence interval: Lower bound,210071,Número de personas que padecen inseguridad alimentaria grave (millones) (promedio de 3 años),20202022,2020-2022,millones de No.,2.6
FS,Datos de Seguridad Alimentaria,44,Colombia,61322,Confidence interval: Upper bound,210071,Número de personas que padecen inseguridad alimentaria grave (millones) (promedio de 3 años),20202022,2020-2022,millones de No.,2.8
FS,Datos de Seguridad Alimentaria,44,Colombia,6132,Valor,210071,Número de personas que padecen inseguridad alimentaria grave (millones) (promedio de 3 años),20212023,2021-2023,millones de No.,2.8
FS,Datos de Seguridad Alimentaria,44,Colombia,61321,Confidence interval: Lower bound,210071,Número de personas que padecen inseguridad alimentaria grave (millones) (promedio de 3 años),20212023,2021-2023,millones de No.,2.6
FS,Datos de Seguridad Alimentaria,44,Colombia,61322,Confidence interval: Upper bound,210071,Número de personas que padecen inseguridad alimentaria grave (millones) (promedio de 3 años),20212023,2021-2023,millones de No.,2.9
FS,Datos de Seguridad Alimentaria,44,Colombia,6132,Valor,210071,Número de personas que padecen inseguridad alimentaria grave (millones) (promedio de 3 años),20222024,2022-2024,millones de No.,2.7
FS,Datos de Seguridad Alimentaria,44,Colombia,61321,Confidence interval: Lower bound,210071,Número de personas que padecen inseguridad alimentaria grave (millones) (promedio de 3 años),20222024,2022-2024,millones de No.,2.5
FS,Datos de Seguridad Alimentaria,44,Colombia,61322,Confidence interval: Upper bound,210071,Número de personas que padecen inseguridad alimentaria grave (millones) (promedio de 3 años),20222024,2022-2024,millones de No.,2.9
FS,Datos de Seguridad Alimentaria,44,Colombia,6132,Valor,210071,Número de personas que padecen inseguridad alimentaria grave (millones) (promedio de 3 años),20232025,2023-2025,millones de No.,2.8
FS,Datos de Seguridad Alimentaria,44,Colombia,61321,Confidence interval: Lower bound,210071,Número de personas que padecen inseguridad alimentaria grave (millones) (promedio de 3 años),20232025,2023-2025,millones de No.,2.6
FS,Datos de Seguridad Alimentaria,44,Colombia,61322,Confidence interval: Upper bound,210071,Número de personas que padecen inseguridad alimentaria grave (millones) (promedio de 3 años),20232025,2023-2025,millones de No.,3
FS,Datos de Seguridad Alimentaria,44,Colombia,6132,Valor,210071M,Número de hombres adultos que padecen inseguridad alimentaria grave (millones) (promedio de 3 años),20142016,2014-2016,millones de No.,0.8
FS,Datos de Seguridad Alimentaria,44,Colombia,61321,Confidence interval: Lower bound,210071M,Número de hombres adultos que padecen inseguridad alimentaria grave (millones) (promedio de 3 años),20142016,2014-2016,millones de No.,0.8
FS,Datos de Seguridad Alimentaria,44,Colombia,61322,Confidence interval: Upper bound,210071M,Número de hombres adultos que padecen inseguridad alimentaria grave (millones) (promedio de 3 años),20142016,2014-2016,millones de No.,0.9
FS,Datos de Seguridad Alimentaria,44,Colombia,6132,Valor,210071M,Número de hombres adultos que padecen inseguridad alimentaria grave (millones) (promedio de 3 años),20152017,2015-2017,millones de No.,0.8
FS,Datos de Seguridad Alimentaria,44,Colombia,61321,Confidence interval: Lower bound,210071M,Número de hombres adultos que padecen inseguridad alimentaria grave (millones) (promedio de 3 años),20152017,2015-2017,millones de No.,0.8
FS,Datos de Seguridad Alimentaria,44,Colombia,61322,Confidence interval: Upper bound,210071M,Número de hombres adultos que padecen inseguridad alimentaria grave (millones) (promedio de 3 años),20152017,2015-2017,millones de No.,0.9
FS,Datos de Seguridad Alimentaria,44,Colombia,6132,Valor,210071M,Número de hombres adultos que padecen inseguridad alimentaria grave (millones) (promedio de 3 años),20162018,2016-2018,millones de No.,0.8
FS,Datos de Seguridad Alimentaria,44,Colombia,61321,Confidence interval: Lower bound,210071M,Número de hombres adultos que padecen inseguridad alimentaria grave (millones) (promedio de 3 años),20162018,2016-2018,millones de No.,0.7
FS,Datos de Seguridad Alimentaria,44,Colombia,61322,Confidence interval: Upper bound,210071M,Número de hombres adultos que padecen inseguridad alimentaria grave (millones) (promedio de 3 años),20162018,2016-2018,millones de No.,0.9
FS,Datos de Seguridad Alimentaria,44,Colombia,6132,Valor,210071M,Número de hombres adultos que padecen inseguridad alimentaria grave (millones) (promedio de 3 años),20172019,2017-2019,millones de No.,0.8
FS,Datos de Seguridad Alimentaria,44,Colombia,61321,Confidence interval: Lower bound,210071M,Número de hombres adultos que padecen inseguridad alimentaria grave (millones) (promedio de 3 años),20172019,2017-2019,millones de No.,0.7
FS,Datos de Seguridad Alimentaria,44,Colombia,61322,Confidence interval: Upper bound,210071M,Número de hombres adultos que padecen inseguridad alimentaria grave (millones) (promedio de 3 años),20172019,2017-2019,millones de No.,0.8
FS,Datos de Seguridad Alimentaria,44,Colombia,6132,Valor,210071M,Número de hombres adultos que padecen inseguridad alimentaria grave (millones) (promedio de 3 años),20182020,2018-2020,millones de No.,0.8
FS,Datos de Seguridad Alimentaria,44,Colombia,61321,Confidence interval: Lower bound,210071M,Número de hombres adultos que padecen inseguridad alimentaria grave (millones) (promedio de 3 años),20182020,2018-2020,millones de No.,0.7
FS,Datos de Seguridad Alimentaria,44,Colombia,61322,Confidence interval: Upper bound,210071M,Número de hombres adultos que padecen inseguridad alimentaria grave (millones) (promedio de 3 años),20182020,2018-2020,millones de No.,0.8
FS,Datos de Seguridad Alimentaria,44,Colombia,6132,Valor,210071M,Número de hombres adultos que padecen inseguridad alimentaria grave (millones) (promedio de 3 años),20192021,2019-2021,millones de No.,0.8
FS,Datos de Seguridad Alimentaria,44,Colombia,61321,Confidence interval: Lower bound,210071M,Número de hombres adultos que padecen inseguridad alimentaria grave (millones) (promedio de 3 años),20192021,2019-2021,millones de No.,0.8
FS,Datos de Seguridad Alimentaria,44,Colombia,61322,Confidence interval: Upper bound,210071M,Número de hombres adultos que padecen inseguridad alimentaria grave (millones) (promedio de 3 años),20192021,2019-2021,millones de No.,0.9
FS,Datos de Seguridad Alimentaria,44,Colombia,6132,Valor,210071M,Número de hombres adultos que padecen inseguridad alimentaria grave (millones) (promedio de 3 años),20202022,2020-2022,millones de No.,1
FS,Datos de Seguridad Alimentaria,44,Colombia,61321,Confidence interval: Lower bound,210071M,Número de hombres adultos que padecen inseguridad alimentaria grave (millones) (promedio de 3 años),20202022,2020-2022,millones de No.,0.9
FS,Datos de Seguridad Alimentaria,44,Colombia,61322,Confidence interval: Upper bound,210071M,Número de hombres adultos que padecen inseguridad alimentaria grave (millones) (promedio de 3 años),20202022,2020-2022,millones de No.,1
FS,Datos de Seguridad Alimentaria,44,Colombia,6132,Valor,210071M,Número de hombres adultos que padecen inseguridad alimentaria grave (millones) (promedio de 3 años),20212023,2021-2023,millones de No.,1
FS,Datos de Seguridad Alimentaria,44,Colombia,61321,Confidence interval: Lower bound,210071M,Número de hombres adultos que padecen inseguridad alimentaria grave (millones) (promedio de 3 años),20212023,2021-2023,millones de No.,0.9
FS,Datos de Seguridad Alimentaria,44,Colombia,61322,Confidence interval: Upper bound,210071M,Número de hombres adultos que padecen inseguridad alimentaria grave (millones) (promedio de 3 años),20212023,2021-2023,millones de No.,1.1
FS,Datos de Seguridad Alimentaria,44,Colombia,6132,Valor,210071M,Número de hombres adultos que padecen inseguridad alimentaria grave (millones) (promedio de 3 años),20222024,2022-2024,millones de No.,1
FS,Datos de Seguridad Alimentaria,44,Colombia,61321,Confidence interval: Lower bound,210071M,Número de hombres adultos que padecen inseguridad alimentaria grave (millones) (promedio de 3 años),20222024,2022-2024,millones de No.,0.9
FS,Datos de Seguridad Alimentaria,44,Colombia,61322,Confidence interval: Upper bound,210071M,Número de hombres adultos que padecen inseguridad alimentaria grave (millones) (promedio de 3 años),20222024,2022-2024,millones de No.,1
FS,Datos de Seguridad Alimentaria,44,Colombia,6132,Valor,210071M,Número de hombres adultos que padecen inseguridad alimentaria grave (millones) (promedio de 3 años),20232025,2023-2025,millones de No.,1
FS,Datos de Seguridad Alimentaria,44,Colombia,61321,Confidence interval: Lower bound,210071M,Número de hombres adultos que padecen inseguridad alimentaria grave (millones) (promedio de 3 años),20232025,2023-2025,millones de No.,0.9
FS,Datos de Seguridad Alimentaria,44,Colombia,61322,Confidence interval: Upper bound,210071M,Número de hombres adultos que padecen inseguridad alimentaria grave (millones) (promedio de 3 años),20232025,2023-2025,millones de No.,1.1
FS,Datos de Seguridad Alimentaria,44,Colombia,6132,Valor,210071F,Número de mujeres adultas que padecen inseguridad alimentaria grave (millones) (promedio de 3 años),20142016,2014-2016,millones de No.,0.9
FS,Datos de Seguridad Alimentaria,44,Colombia,61321,Confidence interval: Lower bound,210071F,Número de mujeres adultas que padecen inseguridad alimentaria grave (millones) (promedio de 3 años),20142016,2014-2016,millones de No.,0.9
FS,Datos de Seguridad Alimentaria,44,Colombia,61322,Confidence interval: Upper bound,210071F,Número de mujeres adultas que padecen inseguridad alimentaria grave (millones) (promedio de 3 años),20142016,2014-2016,millones de No.,1
FS,Datos de Seguridad Alimentaria,44,Colombia,6132,Valor,210071F,Número de mujeres adultas que padecen inseguridad alimentaria grave (millones) (promedio de 3 años),20152017,2015-2017,millones de No.,0.9
FS,Datos de Seguridad Alimentaria,44,Colombia,61321,Confidence interval: Lower bound,210071F,Número de mujeres adultas que padecen inseguridad alimentaria grave (millones) (promedio de 3 años),20152017,2015-2017,millones de No.,0.8
FS,Datos de Seguridad Alimentaria,44,Colombia,61322,Confidence interval: Upper bound,210071F,Número de mujeres adultas que padecen inseguridad alimentaria grave (millones) (promedio de 3 años),20152017,2015-2017,millones de No.,0.9
FS,Datos de Seguridad Alimentaria,44,Colombia,6132,Valor,210071F,Número de mujeres adultas que padecen inseguridad alimentaria grave (millones) (promedio de 3 años),20162018,2016-2018,millones de No.,0.9
FS,Datos de Seguridad Alimentaria,44,Colombia,61321,Confidence interval: Lower bound,210071F,Número de mujeres adultas que padecen inseguridad alimentaria grave (millones) (promedio de 3 años),20162018,2016-2018,millones de No.,0.8
FS,Datos de Seguridad Alimentaria,44,Colombia,61322,Confidence interval: Upper bound,210071F,Número de mujeres adultas que padecen inseguridad alimentaria grave (millones) (promedio de 3 años),20162018,2016-2018,millones de No.,0.9
FS,Datos de Seguridad Alimentaria,44,Colombia,6132,Valor,210071F,Número de mujeres adultas que padecen inseguridad alimentaria grave (millones) (promedio de 3 años),20172019,2017-2019,millones de No.,1
FS,Datos de Seguridad Alimentaria,44,Colombia,61321,Confidence interval: Lower bound,210071F,Número de mujeres adultas que padecen inseguridad alimentaria grave (millones) (promedio de 3 años),20172019,2017-2019,millones de No.,0.9
FS,Datos de Seguridad Alimentaria,44,Colombia,61322,Confidence interval: Upper bound,210071F,Número de mujeres adultas que padecen inseguridad alimentaria grave (millones) (promedio de 3 años),20172019,2017-2019,millones de No.,1
FS,Datos de Seguridad Alimentaria,44,Colombia,6132,Valor,210071F,Número de mujeres adultas que padecen inseguridad alimentaria grave (millones) (promedio de 3 años),20182020,2018-2020,millones de No.,1
FS,Datos de Seguridad Alimentaria,44,Colombia,61321,Confidence interval: Lower bound,210071F,Número de mujeres adultas que padecen inseguridad alimentaria grave (millones) (promedio de 3 años),20182020,2018-2020,millones de No.,1
FS,Datos de Seguridad Alimentaria,44,Colombia,61322,Confidence interval: Upper bound,210071F,Número de mujeres adultas que padecen inseguridad alimentaria grave (millones) (promedio de 3 años),20182020,2018-2020,millones de No.,1.1
FS,Datos de Seguridad Alimentaria,44,Colombia,6132,Valor,210071F,Número de mujeres adultas que padecen inseguridad alimentaria grave (millones) (promedio de 3 años),20192021,2019-2021,millones de No.,1.2
FS,Datos de Seguridad Alimentaria,44,Colombia,61321,Confidence interval: Lower bound,210071F,Número de mujeres adultas que padecen inseguridad alimentaria grave (millones) (promedio de 3 años),20192021,2019-2021,millones de No.,1.1
FS,Datos de Seguridad Alimentaria,44,Colombia,61322,Confidence interval: Upper bound,210071F,Número de mujeres adultas que padecen inseguridad alimentaria grave (millones) (promedio de 3 años),20192021,2019-2021,millones de No.,1.2
FS,Datos de Seguridad Alimentaria,44,Colombia,6132,Valor,210071F,Número de mujeres adultas que padecen inseguridad alimentaria grave (millones) (promedio de 3 años),20202022,2020-2022,millones de No.,1.2
FS,Datos de Seguridad Alimentaria,44,Colombia,61321,Confidence interval: Lower bound,210071F,Número de mujeres adultas que padecen inseguridad alimentaria grave (millones) (promedio de 3 años),20202022,2020-2022,millones de No.,1.1
FS,Datos de Seguridad Alimentaria,44,Colombia,61322,Confidence interval: Upper bound,210071F,Número de mujeres adultas que padecen inseguridad alimentaria grave (millones) (promedio de 3 años),20202022,2020-2022,millones de No.,1.2
FS,Datos de Seguridad Alimentaria,44,Colombia,6132,Valor,210071F,Número de mujeres adultas que padecen inseguridad alimentaria grave (millones) (promedio de 3 años),20212023,2021-2023,millones de No.,1.2
FS,Datos de Seguridad Alimentaria,44,Colombia,61321,Confidence interval: Lower bound,210071F,Número de mujeres adultas que padecen inseguridad alimentaria grave (millones) (promedio de 3 años),20212023,2021-2023,millones de No.,1.1
FS,Datos de Seguridad Alimentaria,44,Colombia,61322,Confidence interval: Upper bound,210071F,Número de mujeres adultas que padecen inseguridad alimentaria grave (millones) (promedio de 3 años),20212023,2021-2023,millones de No.,1.3
FS,Datos de Seguridad Alimentaria,44,Colombia,6132,Valor,210071F,Número de mujeres adultas que padecen inseguridad alimentaria grave (millones) (promedio de 3 años),20222024,2022-2024,millones de No.,1.2
FS,Datos de Seguridad Alimentaria,44,Colombia,61321,Confidence interval: Lower bound,210071F,Número de mujeres adultas que padecen inseguridad alimentaria grave (millones) (promedio de 3 años),20222024,2022-2024,millones de No.,1.1
FS,Datos de Seguridad Alimentaria,44,Colombia,61322,Confidence interval: Upper bound,210071F,Número de mujeres adultas que padecen inseguridad alimentaria grave (millones) (promedio de 3 años),20222024,2022-2024,millones de No.,1.3
FS,Datos de Seguridad Alimentaria,44,Colombia,6132,Valor,210071F,Número de mujeres adultas que padecen inseguridad alimentaria grave (millones) (promedio de 3 años),20232025,2023-2025,millones de No.,1.2
FS,Datos de Seguridad Alimentaria,44,Colombia,61321,Confidence interval: Lower bound,210071F,Número de mujeres adultas que padecen inseguridad alimentaria grave (millones) (promedio de 3 años),20232025,2023-2025,millones de No.,1.1
FS,Datos de Seguridad Alimentaria,44,Colombia,61322,Confidence interval: Upper bound,210071F,Número de mujeres adultas que padecen inseguridad alimentaria grave (millones) (promedio de 3 años),20232025,2023-2025,millones de No.,1.3
FS,Datos de Seguridad Alimentaria,44,Colombia,6132,Valor,210081,Número de personas que padecen inseguridad alimentaria moderada o grave (millones) (promedio de 3 años),20142016,2014-2016,millones de No.,9.4
FS,Datos de Seguridad Alimentaria,44,Colombia,61321,Confidence interval: Lower bound,210081,Número de personas que padecen inseguridad alimentaria moderada o grave (millones) (promedio de 3 años),20142016,2014-2016,millones de No.,9
FS,Datos de Seguridad Alimentaria,44,Colombia,61322,Confidence interval: Upper bound,210081,Número de personas que padecen inseguridad alimentaria moderada o grave (millones) (promedio de 3 años),20142016,2014-2016,millones de No.,9.7
FS,Datos de Seguridad Alimentaria,44,Colombia,6132,Valor,210081,Número de personas que padecen inseguridad alimentaria moderada o grave (millones) (promedio de 3 años),20152017,2015-2017,millones de No.,10.6
FS,Datos de Seguridad Alimentaria,44,Colombia,61321,Confidence interval: Lower bound,210081,Número de personas que padecen inseguridad alimentaria moderada o grave (millones) (promedio de 3 años),20152017,2015-2017,millones de No.,10.2
FS,Datos de Seguridad Alimentaria,44,Colombia,61322,Confidence interval: Upper bound,210081,Número de personas que padecen inseguridad alimentaria moderada o grave (millones) (promedio de 3 años),20152017,2015-2017,millones de No.,10.9
FS,Datos de Seguridad Alimentaria,44,Colombia,6132,Valor,210081,Número de personas que padecen inseguridad alimentaria moderada o grave (millones) (promedio de 3 años),20162018,2016-2018,millones de No.,12
FS,Datos de Seguridad Alimentaria,44,Colombia,61321,Confidence interval: Lower bound,210081,Número de personas que padecen inseguridad alimentaria moderada o grave (millones) (promedio de 3 años),20162018,2016-2018,millones de No.,11.6
FS,Datos de Seguridad Alimentaria,44,Colombia,61322,Confidence interval: Upper bound,210081,Número de personas que padecen inseguridad alimentaria moderada o grave (millones) (promedio de 3 años),20162018,2016-2018,millones de No.,12.4
FS,Datos de Seguridad Alimentaria,44,Colombia,6132,Valor,210081,Número de personas que padecen inseguridad alimentaria moderada o grave (millones) (promedio de 3 años),20172019,2017-2019,millones de No.,13
FS,Datos de Seguridad Alimentaria,44,Colombia,61321,Confidence interval: Lower bound,210081,Número de personas que padecen inseguridad alimentaria moderada o grave (millones) (promedio de 3 años),20172019,2017-2019,millones de No.,12.6
FS,Datos de Seguridad Alimentaria,44,Colombia,61322,Confidence interval: Upper bound,210081,Número de personas que padecen inseguridad alimentaria moderada o grave (millones) (promedio de 3 años),20172019,2017-2019,millones de No.,13.4
FS,Datos de Seguridad Alimentaria,44,Colombia,6132,Valor,210081,Número de personas que padecen inseguridad alimentaria moderada o grave (millones) (promedio de 3 años),20182020,2018-2020,millones de No.,14.2
FS,Datos de Seguridad Alimentaria,44,Colombia,61321,Confidence interval: Lower bound,210081,Número de personas que padecen inseguridad alimentaria moderada o grave (millones) (promedio de 3 años),20182020,2018-2020,millones de No.,13.8
FS,Datos de Seguridad Alimentaria,44,Colombia,61322,Confidence interval: Upper bound,210081,Número de personas que padecen inseguridad alimentaria moderada o grave (millones) (promedio de 3 años),20182020,2018-2020,millones de No.,14.6
FS,Datos de Seguridad Alimentaria,44,Colombia,6132,Valor,210081,Número de personas que padecen inseguridad alimentaria moderada o grave (millones) (promedio de 3 años),20192021,2019-2021,millones de No.,15.4
FS,Datos de Seguridad Alimentaria,44,Colombia,61321,Confidence interval: Lower bound,210081,Número de personas que padecen inseguridad alimentaria moderada o grave (millones) (promedio de 3 años),20192021,2019-2021,millones de No.,15
FS,Datos de Seguridad Alimentaria,44,Colombia,61322,Confidence interval: Upper bound,210081,Número de personas que padecen inseguridad alimentaria moderada o grave (millones) (promedio de 3 años),20192021,2019-2021,millones de No.,15.8
FS,Datos de Seguridad Alimentaria,44,Colombia,6132,Valor,210081,Número de personas que padecen inseguridad alimentaria moderada o grave (millones) (promedio de 3 años),20202022,2020-2022,millones de No.,16.2
FS,Datos de Seguridad Alimentaria,44,Colombia,61321,Confidence interval: Lower bound,210081,Número de personas que padecen inseguridad alimentaria moderada o grave (millones) (promedio de 3 años),20202022,2020-2022,millones de No.,15.8
FS,Datos de Seguridad Alimentaria,44,Colombia,61322,Confidence interval: Upper bound,210081,Número de personas que padecen inseguridad alimentaria moderada o grave (millones) (promedio de 3 años),20202022,2020-2022,millones de No.,16.5
FS,Datos de Seguridad Alimentaria,44,Colombia,6132,Valor,210081,Número de personas que padecen inseguridad alimentaria moderada o grave (millones) (promedio de 3 años),20212023,2021-2023,millones de No.,15.8
FS,Datos de Seguridad Alimentaria,44,Colombia,61321,Confidence interval: Lower bound,210081,Número de personas que padecen inseguridad alimentaria moderada o grave (millones) (promedio de 3 años),20212023,2021-2023,millones de No.,15.4
FS,Datos de Seguridad Alimentaria,44,Colombia,61322,Confidence interval: Upper bound,210081,Número de personas que padecen inseguridad alimentaria moderada o grave (millones) (promedio de 3 años),20212023,2021-2023,millones de No.,16.2
FS,Datos de Seguridad Alimentaria,44,Colombia,6132,Valor,210081,Número de personas que padecen inseguridad alimentaria moderada o grave (millones) (promedio de 3 años),20222024,2022-2024,millones de No.,15.1
FS,Datos de Seguridad Alimentaria,44,Colombia,61321,Confidence interval: Lower bound,210081,Número de personas que padecen inseguridad alimentaria moderada o grave (millones) (promedio de 3 años),20222024,2022-2024,millones de No.,14.7
FS,Datos de Seguridad Alimentaria,44,Colombia,61322,Confidence interval: Upper bound,210081,Número de personas que padecen inseguridad alimentaria moderada o grave (millones) (promedio de 3 años),20222024,2022-2024,millones de No.,15.6
FS,Datos de Seguridad Alimentaria,44,Colombia,6132,Valor,210081,Número de personas que padecen inseguridad alimentaria moderada o grave (millones) (promedio de 3 años),20232025,2023-2025,millones de No.,14.8
FS,Datos de Seguridad Alimentaria,44,Colombia,61321,Confidence interval: Lower bound,210081,Número de personas que padecen inseguridad alimentaria moderada o grave (millones) (promedio de 3 años),20232025,2023-2025,millones de No.,14.3
FS,Datos de Seguridad Alimentaria,44,Colombia,61322,Confidence interval: Upper bound,210081,Número de personas que padecen inseguridad alimentaria moderada o grave (millones) (promedio de 3 años),20232025,2023-2025,millones de No.,15.3
FS,Datos de Seguridad Alimentaria,44,Colombia,6132,Valor,210081M,Número de hombres adultos que padecen inseguridad alimentaria moderada o grave (millones) (promedio de 3 años),20142016,2014-2016,millones de No.,3.3
FS,Datos de Seguridad Alimentaria,44,Colombia,61321,Confidence interval: Lower bound,210081M,Número de hombres adultos que padecen inseguridad alimentaria moderada o grave (millones) (promedio de 3 años),20142016,2014-2016,millones de No.,3.1
FS,Datos de Seguridad Alimentaria,44,Colombia,61322,Confidence interval: Upper bound,210081M,Número de hombres adultos que padecen inseguridad alimentaria moderada o grave (millones) (promedio de 3 años),20142016,2014-2016,millones de No.,3.4
FS,Datos de Seguridad Alimentaria,44,Colombia,6132,Valor,210081M,Número de hombres adultos que padecen inseguridad alimentaria moderada o grave (millones) (promedio de 3 años),20152017,2015-2017,millones de No.,3.7
FS,Datos de Seguridad Alimentaria,44,Colombia,61321,Confidence interval: Lower bound,210081M,Número de hombres adultos que padecen inseguridad alimentaria moderada o grave (millones) (promedio de 3 años),20152017,2015-2017,millones de No.,3.6
FS,Datos de Seguridad Alimentaria,44,Colombia,61322,Confidence interval: Upper bound,210081M,Número de hombres adultos que padecen inseguridad alimentaria moderada o grave (millones) (promedio de 3 años),20152017,2015-2017,millones de No.,3.9
FS,Datos de Seguridad Alimentaria,44,Colombia,6132,Valor,210081M,Número de hombres adultos que padecen inseguridad alimentaria moderada o grave (millones) (promedio de 3 años),20162018,2016-2018,millones de No.,4.1
FS,Datos de Seguridad Alimentaria,44,Colombia,61321,Confidence interval: Lower bound,210081M,Número de hombres adultos que padecen inseguridad alimentaria moderada o grave (millones) (promedio de 3 años),20162018,2016-2018,millones de No.,4
FS,Datos de Seguridad Alimentaria,44,Colombia,61322,Confidence interval: Upper bound,210081M,Número de hombres adultos que padecen inseguridad alimentaria moderada o grave (millones) (promedio de 3 años),20162018,2016-2018,millones de No.,4.3
FS,Datos de Seguridad Alimentaria,44,Colombia,6132,Valor,210081M,Número de hombres adultos que padecen inseguridad alimentaria moderada o grave (millones) (promedio de 3 años),20172019,2017-2019,millones de No.,4.4
FS,Datos de Seguridad Alimentaria,44,Colombia,61321,Confidence interval: Lower bound,210081M,Número de hombres adultos que padecen inseguridad alimentaria moderada o grave (millones) (promedio de 3 años),20172019,2017-2019,millones de No.,4.2
FS,Datos de Seguridad Alimentaria,44,Colombia,61322,Confidence interval: Upper bound,210081M,Número de hombres adultos que padecen inseguridad alimentaria moderada o grave (millones) (promedio de 3 años),20172019,2017-2019,millones de No.,4.5
FS,Datos de Seguridad Alimentaria,44,Colombia,6132,Valor,210081M,Número de hombres adultos que padecen inseguridad alimentaria moderada o grave (millones) (promedio de 3 años),20182020,2018-2020,millones de No.,4.7
FS,Datos de Seguridad Alimentaria,44,Colombia,61321,Confidence interval: Lower bound,210081M,Número de hombres adultos que padecen inseguridad alimentaria moderada o grave (millones) (promedio de 3 años),20182020,2018-2020,millones de No.,4.6
FS,Datos de Seguridad Alimentaria,44,Colombia,61322,Confidence interval: Upper bound,210081M,Número de hombres adultos que padecen inseguridad alimentaria moderada o grave (millones) (promedio de 3 años),20182020,2018-2020,millones de No.,4.9
FS,Datos de Seguridad Alimentaria,44,Colombia,6132,Valor,210081M,Número de hombres adultos que padecen inseguridad alimentaria moderada o grave (millones) (promedio de 3 años),20192021,2019-2021,millones de No.,5.1
FS,Datos de Seguridad Alimentaria,44,Colombia,61321,Confidence interval: Lower bound,210081M,Número de hombres adultos que padecen inseguridad alimentaria moderada o grave (millones) (promedio de 3 años),20192021,2019-2021,millones de No.,5
FS,Datos de Seguridad Alimentaria,44,Colombia,61322,Confidence interval: Upper bound,210081M,Número de hombres adultos que padecen inseguridad alimentaria moderada o grave (millones) (promedio de 3 años),20192021,2019-2021,millones de No.,5.3
FS,Datos de Seguridad Alimentaria,44,Colombia,6132,Valor,210081M,Número de hombres adultos que padecen inseguridad alimentaria moderada o grave (millones) (promedio de 3 años),20202022,2020-2022,millones de No.,5.5
FS,Datos de Seguridad Alimentaria,44,Colombia,61321,Confidence interval: Lower bound,210081M,Número de hombres adultos que padecen inseguridad alimentaria moderada o grave (millones) (promedio de 3 años),20202022,2020-2022,millones de No.,5.3
FS,Datos de Seguridad Alimentaria,44,Colombia,61322,Confidence interval: Upper bound,210081M,Número de hombres adultos que padecen inseguridad alimentaria moderada o grave (millones) (promedio de 3 años),20202022,2020-2022,millones de No.,5.6
FS,Datos de Seguridad Alimentaria,44,Colombia,6132,Valor,210081M,Número de hombres adultos que padecen inseguridad alimentaria moderada o grave (millones) (promedio de 3 años),20212023,2021-2023,millones de No.,5.4
FS,Datos de Seguridad Alimentaria,44,Colombia,61321,Confidence interval: Lower bound,210081M,Número de hombres adultos que padecen inseguridad alimentaria moderada o grave (millones) (promedio de 3 años),20212023,2021-2023,millones de No.,5.2
FS,Datos de Seguridad Alimentaria,44,Colombia,61322,Confidence interval: Upper bound,210081M,Número de hombres adultos que padecen inseguridad alimentaria moderada o grave (millones) (promedio de 3 años),20212023,2021-2023,millones de No.,5.6
FS,Datos de Seguridad Alimentaria,44,Colombia,6132,Valor,210081M,Número de hombres adultos que padecen inseguridad alimentaria moderada o grave (millones) (promedio de 3 años),20222024,2022-2024,millones de No.,5.1
FS,Datos de Seguridad Alimentaria,44,Colombia,61321,Confidence interval: Lower bound,210081M,Número de hombres adultos que padecen inseguridad alimentaria moderada o grave (millones) (promedio de 3 años),20222024,2022-2024,millones de No.,4.9
FS,Datos de Seguridad Alimentaria,44,Colombia,61322,Confidence interval: Upper bound,210081M,Número de hombres adultos que padecen inseguridad alimentaria moderada o grave (millones) (promedio de 3 años),20222024,2022-2024,millones de No.,5.3
FS,Datos de Seguridad Alimentaria,44,Colombia,6132,Valor,210081M,Número de hombres adultos que padecen inseguridad alimentaria moderada o grave (millones) (promedio de 3 años),20232025,2023-2025,millones de No.,5.3
FS,Datos de Seguridad Alimentaria,44,Colombia,61321,Confidence interval: Lower bound,210081M,Número de hombres adultos que padecen inseguridad alimentaria moderada o grave (millones) (promedio de 3 años),20232025,2023-2025,millones de No.,5.1
FS,Datos de Seguridad Alimentaria,44,Colombia,61322,Confidence interval: Upper bound,210081M,Número de hombres adultos que padecen inseguridad alimentaria moderada o grave (millones) (promedio de 3 años),20232025,2023-2025,millones de No.,5.5
FS,Datos de Seguridad Alimentaria,44,Colombia,6132,Valor,210081F,Número de mujeres adultas que padecen inseguridad alimentaria moderada o grave (millones) (promedio de 3 años),20142016,2014-2016,millones de No.,3.8
FS,Datos de Seguridad Alimentaria,44,Colombia,61321,Confidence interval: Lower bound,210081F,Número de mujeres adultas que padecen inseguridad alimentaria moderada o grave (millones) (promedio de 3 años),20142016,2014-2016,millones de No.,3.7
FS,Datos de Seguridad Alimentaria,44,Colombia,61322,Confidence interval: Upper bound,210081F,Número de mujeres adultas que padecen inseguridad alimentaria moderada o grave (millones) (promedio de 3 años),20142016,2014-2016,millones de No.,4
FS,Datos de Seguridad Alimentaria,44,Colombia,6132,Valor,210081F,Número de mujeres adultas que padecen inseguridad alimentaria moderada o grave (millones) (promedio de 3 años),20152017,2015-2017,millones de No.,4.3
FS,Datos de Seguridad Alimentaria,44,Colombia,61321,Confidence interval: Lower bound,210081F,Número de mujeres adultas que padecen inseguridad alimentaria moderada o grave (millones) (promedio de 3 años),20152017,2015-2017,millones de No.,4.2
FS,Datos de Seguridad Alimentaria,44,Colombia,61322,Confidence interval: Upper bound,210081F,Número de mujeres adultas que padecen inseguridad alimentaria moderada o grave (millones) (promedio de 3 años),20152017,2015-2017,millones de No.,4.4
FS,Datos de Seguridad Alimentaria,44,Colombia,6132,Valor,210081F,Número de mujeres adultas que padecen inseguridad alimentaria moderada o grave (millones) (promedio de 3 años),20162018,2016-2018,millones de No.,5.1
FS,Datos de Seguridad Alimentaria,44,Colombia,61321,Confidence interval: Lower bound,210081F,Número de mujeres adultas que padecen inseguridad alimentaria moderada o grave (millones) (promedio de 3 años),20162018,2016-2018,millones de No.,4.9
FS,Datos de Seguridad Alimentaria,44,Colombia,61322,Confidence interval: Upper bound,210081F,Número de mujeres adultas que padecen inseguridad alimentaria moderada o grave (millones) (promedio de 3 años),20162018,2016-2018,millones de No.,5.2
FS,Datos de Seguridad Alimentaria,44,Colombia,6132,Valor,210081F,Número de mujeres adultas que padecen inseguridad alimentaria moderada o grave (millones) (promedio de 3 años),20172019,2017-2019,millones de No.,5.7
FS,Datos de Seguridad Alimentaria,44,Colombia,61321,Confidence interval: Lower bound,210081F,Número de mujeres adultas que padecen inseguridad alimentaria moderada o grave (millones) (promedio de 3 años),20172019,2017-2019,millones de No.,5.6
FS,Datos de Seguridad Alimentaria,44,Colombia,61322,Confidence interval: Upper bound,210081F,Número de mujeres adultas que padecen inseguridad alimentaria moderada o grave (millones) (promedio de 3 años),20172019,2017-2019,millones de No.,5.9
FS,Datos de Seguridad Alimentaria,44,Colombia,6132,Valor,210081F,Número de mujeres adultas que padecen inseguridad alimentaria moderada o grave (millones) (promedio de 3 años),20182020,2018-2020,millones de No.,6.4
FS,Datos de Seguridad Alimentaria,44,Colombia,61321,Confidence interval: Lower bound,210081F,Número de mujeres adultas que padecen inseguridad alimentaria moderada o grave (millones) (promedio de 3 años),20182020,2018-2020,millones de No.,6.2
FS,Datos de Seguridad Alimentaria,44,Colombia,61322,Confidence interval: Upper bound,210081F,Número de mujeres adultas que padecen inseguridad alimentaria moderada o grave (millones) (promedio de 3 años),20182020,2018-2020,millones de No.,6.5
FS,Datos de Seguridad Alimentaria,44,Colombia,6132,Valor,210081F,Número de mujeres adultas que padecen inseguridad alimentaria moderada o grave (millones) (promedio de 3 años),20192021,2019-2021,millones de No.,7
FS,Datos de Seguridad Alimentaria,44,Colombia,61321,Confidence interval: Lower bound,210081F,Número de mujeres adultas que padecen inseguridad alimentaria moderada o grave (millones) (promedio de 3 años),20192021,2019-2021,millones de No.,6.8
FS,Datos de Seguridad Alimentaria,44,Colombia,61322,Confidence interval: Upper bound,210081F,Número de mujeres adultas que padecen inseguridad alimentaria moderada o grave (millones) (promedio de 3 años),20192021,2019-2021,millones de No.,7.1
FS,Datos de Seguridad Alimentaria,44,Colombia,6132,Valor,210081F,Número de mujeres adultas que padecen inseguridad alimentaria moderada o grave (millones) (promedio de 3 años),20202022,2020-2022,millones de No.,7.3
FS,Datos de Seguridad Alimentaria,44,Colombia,61321,Confidence interval: Lower bound,210081F,Número de mujeres adultas que padecen inseguridad alimentaria moderada o grave (millones) (promedio de 3 años),20202022,2020-2022,millones de No.,7.1
FS,Datos de Seguridad Alimentaria,44,Colombia,61322,Confidence interval: Upper bound,210081F,Número de mujeres adultas que padecen inseguridad alimentaria moderada o grave (millones) (promedio de 3 años),20202022,2020-2022,millones de No.,7.4
FS,Datos de Seguridad Alimentaria,44,Colombia,6132,Valor,210081F,Número de mujeres adultas que padecen inseguridad alimentaria moderada o grave (millones) (promedio de 3 años),20212023,2021-2023,millones de No.,7.1
FS,Datos de Seguridad Alimentaria,44,Colombia,61321,Confidence interval: Lower bound,210081F,Número de mujeres adultas que padecen inseguridad alimentaria moderada o grave (millones) (promedio de 3 años),20212023,2021-2023,millones de No.,7
FS,Datos de Seguridad Alimentaria,44,Colombia,61322,Confidence interval: Upper bound,210081F,Número de mujeres adultas que padecen inseguridad alimentaria moderada o grave (millones) (promedio de 3 años),20212023,2021-2023,millones de No.,7.3
FS,Datos de Seguridad Alimentaria,44,Colombia,6132,Valor,210081F,Número de mujeres adultas que padecen inseguridad alimentaria moderada o grave (millones) (promedio de 3 años),20222024,2022-2024,millones de No.,7
FS,Datos de Seguridad Alimentaria,44,Colombia,61321,Confidence interval: Lower bound,210081F,Número de mujeres adultas que padecen inseguridad alimentaria moderada o grave (millones) (promedio de 3 años),20222024,2022-2024,millones de No.,6.8
FS,Datos de Seguridad Alimentaria,44,Colombia,61322,Confidence interval: Upper bound,210081F,Número de mujeres adultas que padecen inseguridad alimentaria moderada o grave (millones) (promedio de 3 años),20222024,2022-2024,millones de No.,7.1
FS,Datos de Seguridad Alimentaria,44,Colombia,6132,Valor,210081F,Número de mujeres adultas que padecen inseguridad alimentaria moderada o grave (millones) (promedio de 3 años),20232025,2023-2025,millones de No.,6.5
FS,Datos de Seguridad Alimentaria,44,Colombia,61321,Confidence interval: Lower bound,210081F,Número de mujeres adultas que padecen inseguridad alimentaria moderada o grave (millones) (promedio de 3 años),20232025,2023-2025,millones de No.,6.4
FS,Datos de Seguridad Alimentaria,44,Colombia,61322,Confidence interval: Upper bound,210081F,Número de mujeres adultas que padecen inseguridad alimentaria moderada o grave (millones) (promedio de 3 años),20232025,2023-2025,millones de No.,6.7
FS,Datos de Seguridad Alimentaria,44,Colombia,6121,Valor,21035,Coeficiente de dependencia de las importaciones de cereales (%) (promedio de 3 años),20002002,2000-2002,%,54.5
FS,Datos de Seguridad Alimentaria,44,Colombia,6121,Valor,21035,Coeficiente de dependencia de las importaciones de cereales (%) (promedio de 3 años),20012003,2001-2003,%,53.3
FS,Datos de Seguridad Alimentaria,44,Colombia,6121,Valor,21035,Coeficiente de dependencia de las importaciones de cereales (%) (promedio de 3 años),20022004,2002-2004,%,51.5
FS,Datos de Seguridad Alimentaria,44,Colombia,6121,Valor,21035,Coeficiente de dependencia de las importaciones de cereales (%) (promedio de 3 años),20032005,2003-2005,%,51.2
FS,Datos de Seguridad Alimentaria,44,Colombia,6121,Valor,21035,Coeficiente de dependencia de las importaciones de cereales (%) (promedio de 3 años),20042006,2004-2006,%,55.4
FS,Datos de Seguridad Alimentaria,44,Colombia,6121,Valor,21035,Coeficiente de dependencia de las importaciones de cereales (%) (promedio de 3 años),20052007,2005-2007,%,59.2
FS,Datos de Seguridad Alimentaria,44,Colombia,6121,Valor,21035,Coeficiente de dependencia de las importaciones de cereales (%) (promedio de 3 años),20062008,2006-2008,%,61.6
FS,Datos de Seguridad Alimentaria,44,Colombia,6121,Valor,21035,Coeficiente de dependencia de las importaciones de cereales (%) (promedio de 3 años),20072009,2007-2009,%,60.9
FS,Datos de Seguridad Alimentaria,44,Colombia,6121,Valor,21035,Coeficiente de dependencia de las importaciones de cereales (%) (promedio de 3 años),20082010,2008-2010,%,61.6
FS,Datos de Seguridad Alimentaria,44,Colombia,6121,Valor,21035,Coeficiente de dependencia de las importaciones de cereales (%) (promedio de 3 años),20092011,2009-2011,%,61.2
FS,Datos de Seguridad Alimentaria,44,Colombia,6121,Valor,21035,Coeficiente de dependencia de las importaciones de cereales (%) (promedio de 3 años),20102012,2010-2012,%,60.3
FS,Datos de Seguridad Alimentaria,44,Colombia,6121,Valor,21035,Coeficiente de dependencia de las importaciones de cereales (%) (promedio de 3 años),20112013,2011-2013,%,60
FS,Datos de Seguridad Alimentaria,44,Colombia,6121,Valor,21035,Coeficiente de dependencia de las importaciones de cereales (%) (promedio de 3 años),20122014,2012-2014,%,61.4
FS,Datos de Seguridad Alimentaria,44,Colombia,6121,Valor,21035,Coeficiente de dependencia de las importaciones de cereales (%) (promedio de 3 años),20132015,2013-2015,%,64.2
FS,Datos de Seguridad Alimentaria,44,Colombia,6121,Valor,21035,Coeficiente de dependencia de las importaciones de cereales (%) (promedio de 3 años),20142016,2014-2016,%,63.5
FS,Datos de Seguridad Alimentaria,44,Colombia,6121,Valor,21035,Coeficiente de dependencia de las importaciones de cereales (%) (promedio de 3 años),20152017,2015-2017,%,62.1
FS,Datos de Seguridad Alimentaria,44,Colombia,6121,Valor,21035,Coeficiente de dependencia de las importaciones de cereales (%) (promedio de 3 años),20162018,2016-2018,%,61.6
FS,Datos de Seguridad Alimentaria,44,Colombia,6121,Valor,21035,Coeficiente de dependencia de las importaciones de cereales (%) (promedio de 3 años),20172019,2017-2019,%,63.1
FS,Datos de Seguridad Alimentaria,44,Colombia,6121,Valor,21035,Coeficiente de dependencia de las importaciones de cereales (%) (promedio de 3 años),20182020,2018-2020,%,63.7
FS,Datos de Seguridad Alimentaria,44,Colombia,6121,Valor,21035,Coeficiente de dependencia de las importaciones de cereales (%) (promedio de 3 años),20192021,2019-2021,%,64
FS,Datos de Seguridad Alimentaria,44,Colombia,6121,Valor,21035,Coeficiente de dependencia de las importaciones de cereales (%) (promedio de 3 años),20202022,2020-2022,%,64.2
FS,Datos de Seguridad Alimentaria,44,Colombia,6121,Valor,21035,Coeficiente de dependencia de las importaciones de cereales (%) (promedio de 3 años),20212023,2021-2023,%,65.3
FS,Datos de Seguridad Alimentaria,44,Colombia,6121,Valor,21034,Porcentaje de las tierras cultivables que están equipadas para el riego (%) (promedio de 3 años),20002002,2000-2002,%,0.8
FS,Datos de Seguridad Alimentaria,44,Colombia,6121,Valor,21034,Porcentaje de las tierras cultivables que están equipadas para el riego (%) (promedio de 3 años),20012003,2001-2003,%,0.8
FS,Datos de Seguridad Alimentaria,44,Colombia,6121,Valor,21034,Porcentaje de las tierras cultivables que están equipadas para el riego (%) (promedio de 3 años),20022004,2002-2004,%,0.9
FS,Datos de Seguridad Alimentaria,44,Colombia,6121,Valor,21034,Porcentaje de las tierras cultivables que están equipadas para el riego (%) (promedio de 3 años),20032005,2003-2005,%,0.9
FS,Datos de Seguridad Alimentaria,44,Colombia,6121,Valor,21034,Porcentaje de las tierras cultivables que están equipadas para el riego (%) (promedio de 3 años),20042006,2004-2006,%,0.9
FS,Datos de Seguridad Alimentaria,44,Colombia,6121,Valor,21034,Porcentaje de las tierras cultivables que están equipadas para el riego (%) (promedio de 3 años),20052007,2005-2007,%,0.9
FS,Datos de Seguridad Alimentaria,44,Colombia,6121,Valor,21034,Porcentaje de las tierras cultivables que están equipadas para el riego (%) (promedio de 3 años),20062008,2006-2008,%,0.9
FS,Datos de Seguridad Alimentaria,44,Colombia,6121,Valor,21034,Porcentaje de las tierras cultivables que están equipadas para el riego (%) (promedio de 3 años),20072009,2007-2009,%,0.9
FS,Datos de Seguridad Alimentaria,44,Colombia,6121,Valor,21034,Porcentaje de las tierras cultivables que están equipadas para el riego (%) (promedio de 3 años),20082010,2008-2010,%,0.9
FS,Datos de Seguridad Alimentaria,44,Colombia,6121,Valor,21034,Porcentaje de las tierras cultivables que están equipadas para el riego (%) (promedio de 3 años),20092011,2009-2011,%,1
FS,Datos de Seguridad Alimentaria,44,Colombia,6121,Valor,21034,Porcentaje de las tierras cultivables que están equipadas para el riego (%) (promedio de 3 años),20102012,2010-2012,%,1
FS,Datos de Seguridad Alimentaria,44,Colombia,6121,Valor,21034,Porcentaje de las tierras cultivables que están equipadas para el riego (%) (promedio de 3 años),20112013,2011-2013,%,1
FS,Datos de Seguridad Alimentaria,44,Colombia,6121,Valor,21034,Porcentaje de las tierras cultivables que están equipadas para el riego (%) (promedio de 3 años),20122014,2012-2014,%,1
FS,Datos de Seguridad Alimentaria,44,Colombia,6121,Valor,21034,Porcentaje de las tierras cultivables que están equipadas para el riego (%) (promedio de 3 años),20132015,2013-2015,%,1
FS,Datos de Seguridad Alimentaria,44,Colombia,6121,Valor,21034,Porcentaje de las tierras cultivables que están equipadas para el riego (%) (promedio de 3 años),20142016,2014-2016,%,1
FS,Datos de Seguridad Alimentaria,44,Colombia,6121,Valor,21034,Porcentaje de las tierras cultivables que están equipadas para el riego (%) (promedio de 3 años),20152017,2015-2017,%,1
FS,Datos de Seguridad Alimentaria,44,Colombia,6121,Valor,21034,Porcentaje de las tierras cultivables que están equipadas para el riego (%) (promedio de 3 años),20162018,2016-2018,%,1
FS,Datos de Seguridad Alimentaria,44,Colombia,6121,Valor,21034,Porcentaje de las tierras cultivables que están equipadas para el riego (%) (promedio de 3 años),20172019,2017-2019,%,1
FS,Datos de Seguridad Alimentaria,44,Colombia,6121,Valor,21034,Porcentaje de las tierras cultivables que están equipadas para el riego (%) (promedio de 3 años),20182020,2018-2020,%,1
FS,Datos de Seguridad Alimentaria,44,Colombia,6121,Valor,21034,Porcentaje de las tierras cultivables que están equipadas para el riego (%) (promedio de 3 años),20192021,2019-2021,%,1
FS,Datos de Seguridad Alimentaria,44,Colombia,6121,Valor,21034,Porcentaje de las tierras cultivables que están equipadas para el riego (%) (promedio de 3 años),20202022,2020-2022,%,1
FS,Datos de Seguridad Alimentaria,44,Colombia,6121,Valor,21034,Porcentaje de las tierras cultivables que están equipadas para el riego (%) (promedio de 3 años),20212023,2021-2023,%,1
FS,Datos de Seguridad Alimentaria,44,Colombia,6121,Valor,21033,Valor de las importaciones de alimentos respecto de las exportaciones totales de mercancías (%) (promedio de 3 años),20002002,2000-2002,%,9
FS,Datos de Seguridad Alimentaria,44,Colombia,6121,Valor,21033,Valor de las importaciones de alimentos respecto de las exportaciones totales de mercancías (%) (promedio de 3 años),20012003,2001-2003,%,10
FS,Datos de Seguridad Alimentaria,44,Colombia,6121,Valor,21033,Valor de las importaciones de alimentos respecto de las exportaciones totales de mercancías (%) (promedio de 3 años),20022004,2002-2004,%,10
FS,Datos de Seguridad Alimentaria,44,Colombia,6121,Valor,21033,Valor de las importaciones de alimentos respecto de las exportaciones totales de mercancías (%) (promedio de 3 años),20032005,2003-2005,%,8
FS,Datos de Seguridad Alimentaria,44,Colombia,6121,Valor,21033,Valor de las importaciones de alimentos respecto de las exportaciones totales de mercancías (%) (promedio de 3 años),20042006,2004-2006,%,8
FS,Datos de Seguridad Alimentaria,44,Colombia,6121,Valor,21033,Valor de las importaciones de alimentos respecto de las exportaciones totales de mercancías (%) (promedio de 3 años),20052007,2005-2007,%,8
FS,Datos de Seguridad Alimentaria,44,Colombia,6121,Valor,21033,Valor de las importaciones de alimentos respecto de las exportaciones totales de mercancías (%) (promedio de 3 años),20062008,2006-2008,%,8
FS,Datos de Seguridad Alimentaria,44,Colombia,6121,Valor,21033,Valor de las importaciones de alimentos respecto de las exportaciones totales de mercancías (%) (promedio de 3 años),20072009,2007-2009,%,8
FS,Datos de Seguridad Alimentaria,44,Colombia,6121,Valor,21033,Valor de las importaciones de alimentos respecto de las exportaciones totales de mercancías (%) (promedio de 3 años),20082010,2008-2010,%,8
FS,Datos de Seguridad Alimentaria,44,Colombia,6121,Valor,21033,Valor de las importaciones de alimentos respecto de las exportaciones totales de mercancías (%) (promedio de 3 años),20092011,2009-2011,%,8
FS,Datos de Seguridad Alimentaria,44,Colombia,6121,Valor,21033,Valor de las importaciones de alimentos respecto de las exportaciones totales de mercancías (%) (promedio de 3 años),20102012,2010-2012,%,8
FS,Datos de Seguridad Alimentaria,44,Colombia,6121,Valor,21033,Valor de las importaciones de alimentos respecto de las exportaciones totales de mercancías (%) (promedio de 3 años),20112013,2011-2013,%,8
FS,Datos de Seguridad Alimentaria,44,Colombia,6121,Valor,21033,Valor de las importaciones de alimentos respecto de las exportaciones totales de mercancías (%) (promedio de 3 años),20122014,2012-2014,%,8
FS,Datos de Seguridad Alimentaria,44,Colombia,6121,Valor,21033,Valor de las importaciones de alimentos respecto de las exportaciones totales de mercancías (%) (promedio de 3 años),20132015,2013-2015,%,9
FS,Datos de Seguridad Alimentaria,44,Colombia,6121,Valor,21033,Valor de las importaciones de alimentos respecto de las exportaciones totales de mercancías (%) (promedio de 3 años),20142016,2014-2016,%,11
FS,Datos de Seguridad Alimentaria,44,Colombia,6121,Valor,21033,Valor de las importaciones de alimentos respecto de las exportaciones totales de mercancías (%) (promedio de 3 años),20152017,2015-2017,%,13
FS,Datos de Seguridad Alimentaria,44,Colombia,6121,Valor,21033,Valor de las importaciones de alimentos respecto de las exportaciones totales de mercancías (%) (promedio de 3 años),20162018,2016-2018,%,13
FS,Datos de Seguridad Alimentaria,44,Colombia,6121,Valor,21033,Valor de las importaciones de alimentos respecto de las exportaciones totales de mercancías (%) (promedio de 3 años),20172019,2017-2019,%,12
FS,Datos de Seguridad Alimentaria,44,Colombia,6121,Valor,21033,Valor de las importaciones de alimentos respecto de las exportaciones totales de mercancías (%) (promedio de 3 años),20182020,2018-2020,%,13
FS,Datos de Seguridad Alimentaria,44,Colombia,6121,Valor,21033,Valor de las importaciones de alimentos respecto de las exportaciones totales de mercancías (%) (promedio de 3 años),20192021,2019-2021,%,15
FS,Datos de Seguridad Alimentaria,44,Colombia,6121,Valor,21033,Valor de las importaciones de alimentos respecto de las exportaciones totales de mercancías (%) (promedio de 3 años),20202022,2020-2022,%,15
FS,Datos de Seguridad Alimentaria,44,Colombia,6121,Valor,21033,Valor de las importaciones de alimentos respecto de las exportaciones totales de mercancías (%) (promedio de 3 años),20212023,2021-2023,%,15
FS,Datos de Seguridad Alimentaria,44,Colombia,6121,Valor,21033,Valor de las importaciones de alimentos respecto de las exportaciones totales de mercancías (%) (promedio de 3 años),20222024,2022-2024,%,14
FS,Datos de Seguridad Alimentaria,44,Colombia,6128,Valor,21031,Variabilidad del suministro de alimentos per cápita (kcal/persona/día),2001,2001,kcal/persona/día,26
FS,Datos de Seguridad Alimentaria,44,Colombia,6128,Valor,21031,Variabilidad del suministro de alimentos per cápita (kcal/persona/día),2002,2002,kcal/persona/día,37
FS,Datos de Seguridad Alimentaria,44,Colombia,6128,Valor,21031,Variabilidad del suministro de alimentos per cápita (kcal/persona/día),2003,2003,kcal/persona/día,36
FS,Datos de Seguridad Alimentaria,44,Colombia,6128,Valor,21031,Variabilidad del suministro de alimentos per cápita (kcal/persona/día),2004,2004,kcal/persona/día,20
FS,Datos de Seguridad Alimentaria,44,Colombia,6128,Valor,21031,Variabilidad del suministro de alimentos per cápita (kcal/persona/día),2005,2005,kcal/persona/día,19
FS,Datos de Seguridad Alimentaria,44,Colombia,6128,Valor,21031,Variabilidad del suministro de alimentos per cápita (kcal/persona/día),2006,2006,kcal/persona/día,39
FS,Datos de Seguridad Alimentaria,44,Colombia,6128,Valor,21031,Variabilidad del suministro de alimentos per cápita (kcal/persona/día),2007,2007,kcal/persona/día,32
FS,Datos de Seguridad Alimentaria,44,Colombia,6128,Valor,21031,Variabilidad del suministro de alimentos per cápita (kcal/persona/día),2008,2008,kcal/persona/día,30
FS,Datos de Seguridad Alimentaria,44,Colombia,6128,Valor,21031,Variabilidad del suministro de alimentos per cápita (kcal/persona/día),2009,2009,kcal/persona/día,23
FS,Datos de Seguridad Alimentaria,44,Colombia,6128,Valor,21031,Variabilidad del suministro de alimentos per cápita (kcal/persona/día),2010,2010,kcal/persona/día,48
FS,Datos de Seguridad Alimentaria,44,Colombia,6128,Valor,21031,Variabilidad del suministro de alimentos per cápita (kcal/persona/día),2011,2011,kcal/persona/día,57
FS,Datos de Seguridad Alimentaria,44,Colombia,6128,Valor,21031,Variabilidad del suministro de alimentos per cápita (kcal/persona/día),2012,2012,kcal/persona/día,63
FS,Datos de Seguridad Alimentaria,44,Colombia,6128,Valor,21031,Variabilidad del suministro de alimentos per cápita (kcal/persona/día),2013,2013,kcal/persona/día,51
FS,Datos de Seguridad Alimentaria,44,Colombia,6128,Valor,21031,Variabilidad del suministro de alimentos per cápita (kcal/persona/día),2014,2014,kcal/persona/día,53
FS,Datos de Seguridad Alimentaria,44,Colombia,6128,Valor,21031,Variabilidad del suministro de alimentos per cápita (kcal/persona/día),2015,2015,kcal/persona/día,63
FS,Datos de Seguridad Alimentaria,44,Colombia,6128,Valor,21031,Variabilidad del suministro de alimentos per cápita (kcal/persona/día),2016,2016,kcal/persona/día,71
FS,Datos de Seguridad Alimentaria,44,Colombia,6128,Valor,21031,Variabilidad del suministro de alimentos per cápita (kcal/persona/día),2017,2017,kcal/persona/día,45
FS,Datos de Seguridad Alimentaria,44,Colombia,6128,Valor,21031,Variabilidad del suministro de alimentos per cápita (kcal/persona/día),2018,2018,kcal/persona/día,30
FS,Datos de Seguridad Alimentaria,44,Colombia,6128,Valor,21031,Variabilidad del suministro de alimentos per cápita (kcal/persona/día),2019,2019,kcal/persona/día,28
FS,Datos de Seguridad Alimentaria,44,Colombia,6128,Valor,21031,Variabilidad del suministro de alimentos per cápita (kcal/persona/día),2020,2020,kcal/persona/día,39
FS,Datos de Seguridad Alimentaria,44,Colombia,6128,Valor,21031,Variabilidad del suministro de alimentos per cápita (kcal/persona/día),2021,2021,kcal/persona/día,31
FS,Datos de Seguridad Alimentaria,44,Colombia,6128,Valor,21031,Variabilidad del suministro de alimentos per cápita (kcal/persona/día),2022,2022,kcal/persona/día,15
FS,Datos de Seguridad Alimentaria,44,Colombia,6128,Valor,21031,Variabilidad del suministro de alimentos per cápita (kcal/persona/día),2023,2023,kcal/persona/día,15
FS,Datos de Seguridad Alimentaria,44,Colombia,6128,Valor,21031,Variabilidad del suministro de alimentos per cápita (kcal/persona/día),2024,2024,kcal/persona/día,15
FS,Datos de Seguridad Alimentaria,44,Colombia,6121,Valor,21045,Porcentaje de la población que utiliza servicios de agua potable gestionados de manera segura,2000,2000,%,68
FS,Datos de Seguridad Alimentaria,44,Colombia,6121,Valor,21045,Porcentaje de la población que utiliza servicios de agua potable gestionados de manera segura,2001,2001,%,68
FS,Datos de Seguridad Alimentaria,44,Colombia,6121,Valor,21045,Porcentaje de la población que utiliza servicios de agua potable gestionados de manera segura,2002,2002,%,68
FS,Datos de Seguridad Alimentaria,44,Colombia,6121,Valor,21045,Porcentaje de la población que utiliza servicios de agua potable gestionados de manera segura,2003,2003,%,69
FS,Datos de Seguridad Alimentaria,44,Colombia,6121,Valor,21045,Porcentaje de la población que utiliza servicios de agua potable gestionados de manera segura,2004,2004,%,69
FS,Datos de Seguridad Alimentaria,44,Colombia,6121,Valor,21045,Porcentaje de la población que utiliza servicios de agua potable gestionados de manera segura,2005,2005,%,69
FS,Datos de Seguridad Alimentaria,44,Colombia,6121,Valor,21045,Porcentaje de la población que utiliza servicios de agua potable gestionados de manera segura,2006,2006,%,70
FS,Datos de Seguridad Alimentaria,44,Colombia,6121,Valor,21045,Porcentaje de la población que utiliza servicios de agua potable gestionados de manera segura,2007,2007,%,70
FS,Datos de Seguridad Alimentaria,44,Colombia,6121,Valor,21045,Porcentaje de la población que utiliza servicios de agua potable gestionados de manera segura,2008,2008,%,70
FS,Datos de Seguridad Alimentaria,44,Colombia,6121,Valor,21045,Porcentaje de la población que utiliza servicios de agua potable gestionados de manera segura,2009,2009,%,70
FS,Datos de Seguridad Alimentaria,44,Colombia,6121,Valor,21045,Porcentaje de la población que utiliza servicios de agua potable gestionados de manera segura,2010,2010,%,71
FS,Datos de Seguridad Alimentaria,44,Colombia,6121,Valor,21045,Porcentaje de la población que utiliza servicios de agua potable gestionados de manera segura,2011,2011,%,71
FS,Datos de Seguridad Alimentaria,44,Colombia,6121,Valor,21045,Porcentaje de la población que utiliza servicios de agua potable gestionados de manera segura,2012,2012,%,71
FS,Datos de Seguridad Alimentaria,44,Colombia,6121,Valor,21045,Porcentaje de la población que utiliza servicios de agua potable gestionados de manera segura,2013,2013,%,72
FS,Datos de Seguridad Alimentaria,44,Colombia,6121,Valor,21045,Porcentaje de la población que utiliza servicios de agua potable gestionados de manera segura,2014,2014,%,72
FS,Datos de Seguridad Alimentaria,44,Colombia,6121,Valor,21045,Porcentaje de la población que utiliza servicios de agua potable gestionados de manera segura,2015,2015,%,72
FS,Datos de Seguridad Alimentaria,44,Colombia,6121,Valor,21045,Porcentaje de la población que utiliza servicios de agua potable gestionados de manera segura,2016,2016,%,72
FS,Datos de Seguridad Alimentaria,44,Colombia,6121,Valor,21045,Porcentaje de la población que utiliza servicios de agua potable gestionados de manera segura,2017,2017,%,73
FS,Datos de Seguridad Alimentaria,44,Colombia,6121,Valor,21045,Porcentaje de la población que utiliza servicios de agua potable gestionados de manera segura,2018,2018,%,73
FS,Datos de Seguridad Alimentaria,44,Colombia,6121,Valor,21045,Porcentaje de la población que utiliza servicios de agua potable gestionados de manera segura,2019,2019,%,73
FS,Datos de Seguridad Alimentaria,44,Colombia,6121,Valor,21045,Porcentaje de la población que utiliza servicios de agua potable gestionados de manera segura,2020,2020,%,73
FS,Datos de Seguridad Alimentaria,44,Colombia,6121,Valor,21045,Porcentaje de la población que utiliza servicios de agua potable gestionados de manera segura,2021,2021,%,74
FS,Datos de Seguridad Alimentaria,44,Colombia,6121,Valor,21045,Porcentaje de la población que utiliza servicios de agua potable gestionados de manera segura,2022,2022,%,74
FS,Datos de Seguridad Alimentaria,44,Colombia,6121,Valor,21045,Porcentaje de la población que utiliza servicios de agua potable gestionados de manera segura,2023,2023,%,74
FS,Datos de Seguridad Alimentaria,44,Colombia,6121,Valor,21045,Porcentaje de la población que utiliza servicios de agua potable gestionados de manera segura,2024,2024,%,74
FS,Datos de Seguridad Alimentaria,44,Colombia,6121,Valor,21047,Porcentaje de la población que utiliza por lo menos servicios básicos de agua potable,2000,2000,%,91
FS,Datos de Seguridad Alimentaria,44,Colombia,6121,Valor,21047,Porcentaje de la población que utiliza por lo menos servicios básicos de agua potable,2001,2001,%,91
FS,Datos de Seguridad Alimentaria,44,Colombia,6121,Valor,21047,Porcentaje de la población que utiliza por lo menos servicios básicos de agua potable,2002,2002,%,92
FS,Datos de Seguridad Alimentaria,44,Colombia,6121,Valor,21047,Porcentaje de la población que utiliza por lo menos servicios básicos de agua potable,2003,2003,%,92
FS,Datos de Seguridad Alimentaria,44,Colombia,6121,Valor,21047,Porcentaje de la población que utiliza por lo menos servicios básicos de agua potable,2004,2004,%,92
FS,Datos de Seguridad Alimentaria,44,Colombia,6121,Valor,21047,Porcentaje de la población que utiliza por lo menos servicios básicos de agua potable,2005,2005,%,92
FS,Datos de Seguridad Alimentaria,44,Colombia,6121,Valor,21047,Porcentaje de la población que utiliza por lo menos servicios básicos de agua potable,2006,2006,%,93
FS,Datos de Seguridad Alimentaria,44,Colombia,6121,Valor,21047,Porcentaje de la población que utiliza por lo menos servicios básicos de agua potable,2007,2007,%,93
FS,Datos de Seguridad Alimentaria,44,Colombia,6121,Valor,21047,Porcentaje de la población que utiliza por lo menos servicios básicos de agua potable,2008,2008,%,93
FS,Datos de Seguridad Alimentaria,44,Colombia,6121,Valor,21047,Porcentaje de la población que utiliza por lo menos servicios básicos de agua potable,2009,2009,%,94
FS,Datos de Seguridad Alimentaria,44,Colombia,6121,Valor,21047,Porcentaje de la población que utiliza por lo menos servicios básicos de agua potable,2010,2010,%,94
FS,Datos de Seguridad Alimentaria,44,Colombia,6121,Valor,21047,Porcentaje de la población que utiliza por lo menos servicios básicos de agua potable,2011,2011,%,94
FS,Datos de Seguridad Alimentaria,44,Colombia,6121,Valor,21047,Porcentaje de la población que utiliza por lo menos servicios básicos de agua potable,2012,2012,%,94
FS,Datos de Seguridad Alimentaria,44,Colombia,6121,Valor,21047,Porcentaje de la población que utiliza por lo menos servicios básicos de agua potable,2013,2013,%,95
FS,Datos de Seguridad Alimentaria,44,Colombia,6121,Valor,21047,Porcentaje de la población que utiliza por lo menos servicios básicos de agua potable,2014,2014,%,95
FS,Datos de Seguridad Alimentaria,44,Colombia,6121,Valor,21047,Porcentaje de la población que utiliza por lo menos servicios básicos de agua potable,2015,2015,%,95
FS,Datos de Seguridad Alimentaria,44,Colombia,6121,Valor,21047,Porcentaje de la población que utiliza por lo menos servicios básicos de agua potable,2016,2016,%,95
FS,Datos de Seguridad Alimentaria,44,Colombia,6121,Valor,21047,Porcentaje de la población que utiliza por lo menos servicios básicos de agua potable,2017,2017,%,96
FS,Datos de Seguridad Alimentaria,44,Colombia,6121,Valor,21047,Porcentaje de la población que utiliza por lo menos servicios básicos de agua potable,2018,2018,%,96
FS,Datos de Seguridad Alimentaria,44,Colombia,6121,Valor,21047,Porcentaje de la población que utiliza por lo menos servicios básicos de agua potable,2019,2019,%,96
FS,Datos de Seguridad Alimentaria,44,Colombia,6121,Valor,21047,Porcentaje de la población que utiliza por lo menos servicios básicos de agua potable,2020,2020,%,96
FS,Datos de Seguridad Alimentaria,44,Colombia,6121,Valor,21047,Porcentaje de la población que utiliza por lo menos servicios básicos de agua potable,2021,2021,%,96
FS,Datos de Seguridad Alimentaria,44,Colombia,6121,Valor,21047,Porcentaje de la población que utiliza por lo menos servicios básicos de agua potable,2022,2022,%,97
FS,Datos de Seguridad Alimentaria,44,Colombia,6121,Valor,21047,Porcentaje de la población que utiliza por lo menos servicios básicos de agua potable,2023,2023,%,97
FS,Datos de Seguridad Alimentaria,44,Colombia,6121,Valor,21047,Porcentaje de la población que utiliza por lo menos servicios básicos de agua potable,2024,2024,%,97
FS,Datos de Seguridad Alimentaria,44,Colombia,6121,Valor,21046,Porcentaje de la población que utiliza servicios de saneamiento gestionados de manera segura,2000,2000,%,16
FS,Datos de Seguridad Alimentaria,44,Colombia,6121,Valor,21046,Porcentaje de la población que utiliza servicios de saneamiento gestionados de manera segura,2001,2001,%,16
FS,Datos de Seguridad Alimentaria,44,Colombia,6121,Valor,21046,Porcentaje de la población que utiliza servicios de saneamiento gestionados de manera segura,2002,2002,%,16
FS,Datos de Seguridad Alimentaria,44,Colombia,6121,Valor,21046,Porcentaje de la población que utiliza servicios de saneamiento gestionados de manera segura,2003,2003,%,16
FS,Datos de Seguridad Alimentaria,44,Colombia,6121,Valor,21046,Porcentaje de la población que utiliza servicios de saneamiento gestionados de manera segura,2004,2004,%,16
FS,Datos de Seguridad Alimentaria,44,Colombia,6121,Valor,21046,Porcentaje de la población que utiliza servicios de saneamiento gestionados de manera segura,2005,2005,%,16
FS,Datos de Seguridad Alimentaria,44,Colombia,6121,Valor,21046,Porcentaje de la población que utiliza servicios de saneamiento gestionados de manera segura,2006,2006,%,16
FS,Datos de Seguridad Alimentaria,44,Colombia,6121,Valor,21046,Porcentaje de la población que utiliza servicios de saneamiento gestionados de manera segura,2007,2007,%,17
FS,Datos de Seguridad Alimentaria,44,Colombia,6121,Valor,21046,Porcentaje de la población que utiliza servicios de saneamiento gestionados de manera segura,2008,2008,%,17
FS,Datos de Seguridad Alimentaria,44,Colombia,6121,Valor,21046,Porcentaje de la población que utiliza servicios de saneamiento gestionados de manera segura,2009,2009,%,17
FS,Datos de Seguridad Alimentaria,44,Colombia,6121,Valor,21046,Porcentaje de la población que utiliza servicios de saneamiento gestionados de manera segura,2010,2010,%,17
FS,Datos de Seguridad Alimentaria,44,Colombia,6121,Valor,21046,Porcentaje de la población que utiliza servicios de saneamiento gestionados de manera segura,2011,2011,%,17
FS,Datos de Seguridad Alimentaria,44,Colombia,6121,Valor,21046,Porcentaje de la población que utiliza servicios de saneamiento gestionados de manera segura,2012,2012,%,17
FS,Datos de Seguridad Alimentaria,44,Colombia,6121,Valor,21046,Porcentaje de la población que utiliza servicios de saneamiento gestionados de manera segura,2013,2013,%,17
FS,Datos de Seguridad Alimentaria,44,Colombia,6121,Valor,21046,Porcentaje de la población que utiliza servicios de saneamiento gestionados de manera segura,2014,2014,%,18
FS,Datos de Seguridad Alimentaria,44,Colombia,6121,Valor,21046,Porcentaje de la población que utiliza servicios de saneamiento gestionados de manera segura,2015,2015,%,18
FS,Datos de Seguridad Alimentaria,44,Colombia,6121,Valor,21046,Porcentaje de la población que utiliza servicios de saneamiento gestionados de manera segura,2016,2016,%,18
FS,Datos de Seguridad Alimentaria,44,Colombia,6121,Valor,21046,Porcentaje de la población que utiliza servicios de saneamiento gestionados de manera segura,2017,2017,%,18
FS,Datos de Seguridad Alimentaria,44,Colombia,6121,Valor,21046,Porcentaje de la población que utiliza servicios de saneamiento gestionados de manera segura,2018,2018,%,18
FS,Datos de Seguridad Alimentaria,44,Colombia,6121,Valor,21046,Porcentaje de la población que utiliza servicios de saneamiento gestionados de manera segura,2019,2019,%,18
FS,Datos de Seguridad Alimentaria,44,Colombia,6121,Valor,21046,Porcentaje de la población que utiliza servicios de saneamiento gestionados de manera segura,2020,2020,%,18
FS,Datos de Seguridad Alimentaria,44,Colombia,6121,Valor,21046,Porcentaje de la población que utiliza servicios de saneamiento gestionados de manera segura,2021,2021,%,18
FS,Datos de Seguridad Alimentaria,44,Colombia,6121,Valor,21046,Porcentaje de la población que utiliza servicios de saneamiento gestionados de manera segura,2022,2022,%,18
FS,Datos de Seguridad Alimentaria,44,Colombia,6121,Valor,21046,Porcentaje de la población que utiliza servicios de saneamiento gestionados de manera segura,2023,2023,%,19
FS,Datos de Seguridad Alimentaria,44,Colombia,6121,Valor,21046,Porcentaje de la población que utiliza servicios de saneamiento gestionados de manera segura,2024,2024,%,19
FS,Datos de Seguridad Alimentaria,44,Colombia,6121,Valor,21048,Porcentaje de la población que utiliza por lo menos servicios básicos de saneamiento,2000,2000,%,75
FS,Datos de Seguridad Alimentaria,44,Colombia,6121,Valor,21048,Porcentaje de la población que utiliza por lo menos servicios básicos de saneamiento,2001,2001,%,76
FS,Datos de Seguridad Alimentaria,44,Colombia,6121,Valor,21048,Porcentaje de la población que utiliza por lo menos servicios básicos de saneamiento,2002,2002,%,77
FS,Datos de Seguridad Alimentaria,44,Colombia,6121,Valor,21048,Porcentaje de la población que utiliza por lo menos servicios básicos de saneamiento,2003,2003,%,78
FS,Datos de Seguridad Alimentaria,44,Colombia,6121,Valor,21048,Porcentaje de la población que utiliza por lo menos servicios básicos de saneamiento,2004,2004,%,79
FS,Datos de Seguridad Alimentaria,44,Colombia,6121,Valor,21048,Porcentaje de la población que utiliza por lo menos servicios básicos de saneamiento,2005,2005,%,80
FS,Datos de Seguridad Alimentaria,44,Colombia,6121,Valor,21048,Porcentaje de la población que utiliza por lo menos servicios básicos de saneamiento,2006,2006,%,81
FS,Datos de Seguridad Alimentaria,44,Colombia,6121,Valor,21048,Porcentaje de la población que utiliza por lo menos servicios básicos de saneamiento,2007,2007,%,82
FS,Datos de Seguridad Alimentaria,44,Colombia,6121,Valor,21048,Porcentaje de la población que utiliza por lo menos servicios básicos de saneamiento,2008,2008,%,82
FS,Datos de Seguridad Alimentaria,44,Colombia,6121,Valor,21048,Porcentaje de la población que utiliza por lo menos servicios básicos de saneamiento,2009,2009,%,83
FS,Datos de Seguridad Alimentaria,44,Colombia,6121,Valor,21048,Porcentaje de la población que utiliza por lo menos servicios básicos de saneamiento,2010,2010,%,84
FS,Datos de Seguridad Alimentaria,44,Colombia,6121,Valor,21048,Porcentaje de la población que utiliza por lo menos servicios básicos de saneamiento,2011,2011,%,85
FS,Datos de Seguridad Alimentaria,44,Colombia,6121,Valor,21048,Porcentaje de la población que utiliza por lo menos servicios básicos de saneamiento,2012,2012,%,86
FS,Datos de Seguridad Alimentaria,44,Colombia,6121,Valor,21048,Porcentaje de la población que utiliza por lo menos servicios básicos de saneamiento,2013,2013,%,87
FS,Datos de Seguridad Alimentaria,44,Colombia,6121,Valor,21048,Porcentaje de la población que utiliza por lo menos servicios básicos de saneamiento,2014,2014,%,88
FS,Datos de Seguridad Alimentaria,44,Colombia,6121,Valor,21048,Porcentaje de la población que utiliza por lo menos servicios básicos de saneamiento,2015,2015,%,89
FS,Datos de Seguridad Alimentaria,44,Colombia,6121,Valor,21048,Porcentaje de la población que utiliza por lo menos servicios básicos de saneamiento,2016,2016,%,90
FS,Datos de Seguridad Alimentaria,44,Colombia,6121,Valor,21048,Porcentaje de la población que utiliza por lo menos servicios básicos de saneamiento,2017,2017,%,90
FS,Datos de Seguridad Alimentaria,44,Colombia,6121,Valor,21048,Porcentaje de la población que utiliza por lo menos servicios básicos de saneamiento,2018,2018,%,91
FS,Datos de Seguridad Alimentaria,44,Colombia,6121,Valor,21048,Porcentaje de la población que utiliza por lo menos servicios básicos de saneamiento,2019,2019,%,92
FS,Datos de Seguridad Alimentaria,44,Colombia,6121,Valor,21048,Porcentaje de la población que utiliza por lo menos servicios básicos de saneamiento,2020,2020,%,93
FS,Datos de Seguridad Alimentaria,44,Colombia,6121,Valor,21048,Porcentaje de la población que utiliza por lo menos servicios básicos de saneamiento,2021,2021,%,94
FS,Datos de Seguridad Alimentaria,44,Colombia,6121,Valor,21048,Porcentaje de la población que utiliza por lo menos servicios básicos de saneamiento,2022,2022,%,95
FS,Datos de Seguridad Alimentaria,44,Colombia,6121,Valor,21048,Porcentaje de la población que utiliza por lo menos servicios básicos de saneamiento,2023,2023,%,96
FS,Datos de Seguridad Alimentaria,44,Colombia,6121,Valor,21048,Porcentaje de la población que utiliza por lo menos servicios básicos de saneamiento,2024,2024,%,97
FS,Datos de Seguridad Alimentaria,44,Colombia,6121,Valor,21026,Porcentaje de niños menores de 5 años aquejados de emaciación (%),2000,2000,%,1
FS,Datos de Seguridad Alimentaria,44,Colombia,6121,Valor,21026,Porcentaje de niños menores de 5 años aquejados de emaciación (%),2005,2005,%,1.6
FS,Datos de Seguridad Alimentaria,44,Colombia,6121,Valor,21026,Porcentaje de niños menores de 5 años aquejados de emaciación (%),2010,2010,%,0.9
FS,Datos de Seguridad Alimentaria,44,Colombia,6121,Valor,21026,Porcentaje de niños menores de 5 años aquejados de emaciación (%),2016,2016,%,1.6
FS,Datos de Seguridad Alimentaria,44,Colombia,6132,Valor,210260,Número de niños menores de 5 años afectados por emaciación (millones),2000,2000,millones de No.,<0.1
FS,Datos de Seguridad Alimentaria,44,Colombia,6132,Valor,210260,Número de niños menores de 5 años afectados por emaciación (millones),2005,2005,millones de No.,0.1
FS,Datos de Seguridad Alimentaria,44,Colombia,6132,Valor,210260,Número de niños menores de 5 años afectados por emaciación (millones),2010,2010,millones de No.,<0.1
FS,Datos de Seguridad Alimentaria,44,Colombia,6132,Valor,210260,Número de niños menores de 5 años afectados por emaciación (millones),2016,2016,millones de No.,0.1
FS,Datos de Seguridad Alimentaria,44,Colombia,6121,Valor,21025,Porcentaje de niños menores de 5 años con retraso en el crecimiento (estimación modelada) (%),2000,2000,%,17.4
FS,Datos de Seguridad Alimentaria,44,Colombia,6121,Valor,21025,Porcentaje de niños menores de 5 años con retraso en el crecimiento (estimación modelada) (%),2001,2001,%,17.1
FS,Datos de Seguridad Alimentaria,44,Colombia,6121,Valor,21025,Porcentaje de niños menores de 5 años con retraso en el crecimiento (estimación modelada) (%),2002,2002,%,16.9
FS,Datos de Seguridad Alimentaria,44,Colombia,6121,Valor,21025,Porcentaje de niños menores de 5 años con retraso en el crecimiento (estimación modelada) (%),2003,2003,%,16.6
FS,Datos de Seguridad Alimentaria,44,Colombia,6121,Valor,21025,Porcentaje de niños menores de 5 años con retraso en el crecimiento (estimación modelada) (%),2004,2004,%,16.2
FS,Datos de Seguridad Alimentaria,44,Colombia,6121,Valor,21025,Porcentaje de niños menores de 5 años con retraso en el crecimiento (estimación modelada) (%),2005,2005,%,15.8
FS,Datos de Seguridad Alimentaria,44,Colombia,6121,Valor,21025,Porcentaje de niños menores de 5 años con retraso en el crecimiento (estimación modelada) (%),2006,2006,%,15.3
FS,Datos de Seguridad Alimentaria,44,Colombia,6121,Valor,21025,Porcentaje de niños menores de 5 años con retraso en el crecimiento (estimación modelada) (%),2007,2007,%,14.7
FS,Datos de Seguridad Alimentaria,44,Colombia,6121,Valor,21025,Porcentaje de niños menores de 5 años con retraso en el crecimiento (estimación modelada) (%),2008,2008,%,14.1
FS,Datos de Seguridad Alimentaria,44,Colombia,6121,Valor,21025,Porcentaje de niños menores de 5 años con retraso en el crecimiento (estimación modelada) (%),2009,2009,%,13.6
FS,Datos de Seguridad Alimentaria,44,Colombia,6121,Valor,21025,Porcentaje de niños menores de 5 años con retraso en el crecimiento (estimación modelada) (%),2010,2010,%,13.2
FS,Datos de Seguridad Alimentaria,44,Colombia,6121,Valor,21025,Porcentaje de niños menores de 5 años con retraso en el crecimiento (estimación modelada) (%),2011,2011,%,12.9
FS,Datos de Seguridad Alimentaria,44,Colombia,6121,Valor,21025,Porcentaje de niños menores de 5 años con retraso en el crecimiento (estimación modelada) (%),2012,2012,%,12.7
FS,Datos de Seguridad Alimentaria,44,Colombia,6121,Valor,21025,Porcentaje de niños menores de 5 años con retraso en el crecimiento (estimación modelada) (%),2013,2013,%,12.6
FS,Datos de Seguridad Alimentaria,44,Colombia,6121,Valor,21025,Porcentaje de niños menores de 5 años con retraso en el crecimiento (estimación modelada) (%),2014,2014,%,12.4
FS,Datos de Seguridad Alimentaria,44,Colombia,6121,Valor,21025,Porcentaje de niños menores de 5 años con retraso en el crecimiento (estimación modelada) (%),2015,2015,%,12.3
FS,Datos de Seguridad Alimentaria,44,Colombia,6121,Valor,21025,Porcentaje de niños menores de 5 años con retraso en el crecimiento (estimación modelada) (%),2016,2016,%,12.1
FS,Datos de Seguridad Alimentaria,44,Colombia,6121,Valor,21025,Porcentaje de niños menores de 5 años con retraso en el crecimiento (estimación modelada) (%),2017,2017,%,11.8
FS,Datos de Seguridad Alimentaria,44,Colombia,6121,Valor,21025,Porcentaje de niños menores de 5 años con retraso en el crecimiento (estimación modelada) (%),2018,2018,%,11.6
FS,Datos de Seguridad Alimentaria,44,Colombia,6121,Valor,21025,Porcentaje de niños menores de 5 años con retraso en el crecimiento (estimación modelada) (%),2019,2019,%,11.3
FS,Datos de Seguridad Alimentaria,44,Colombia,6121,Valor,21025,Porcentaje de niños menores de 5 años con retraso en el crecimiento (estimación modelada) (%),2020,2020,%,11.2
FS,Datos de Seguridad Alimentaria,44,Colombia,6121,Valor,21025,Porcentaje de niños menores de 5 años con retraso en el crecimiento (estimación modelada) (%),2021,2021,%,11.2
FS,Datos de Seguridad Alimentaria,44,Colombia,6121,Valor,21025,Porcentaje de niños menores de 5 años con retraso en el crecimiento (estimación modelada) (%),2022,2022,%,11.3
FS,Datos de Seguridad Alimentaria,44,Colombia,6121,Valor,21025,Porcentaje de niños menores de 5 años con retraso en el crecimiento (estimación modelada) (%),2023,2023,%,11.4
FS,Datos de Seguridad Alimentaria,44,Colombia,6121,Valor,21025,Porcentaje de niños menores de 5 años con retraso en el crecimiento (estimación modelada) (%),2024,2024,%,11.6
FS,Datos de Seguridad Alimentaria,44,Colombia,6132,Valor,210250,Número de niños menores de 5 años con retraso en el crecimiento (estimación modelada) (millones),2000,2000,millones de No.,0.8
FS,Datos de Seguridad Alimentaria,44,Colombia,6132,Valor,210250,Número de niños menores de 5 años con retraso en el crecimiento (estimación modelada) (millones),2001,2001,millones de No.,0.7
FS,Datos de Seguridad Alimentaria,44,Colombia,6132,Valor,210250,Número de niños menores de 5 años con retraso en el crecimiento (estimación modelada) (millones),2002,2002,millones de No.,0.7
FS,Datos de Seguridad Alimentaria,44,Colombia,6132,Valor,210250,Número de niños menores de 5 años con retraso en el crecimiento (estimación modelada) (millones),2003,2003,millones de No.,0.7
FS,Datos de Seguridad Alimentaria,44,Colombia,6132,Valor,210250,Número de niños menores de 5 años con retraso en el crecimiento (estimación modelada) (millones),2004,2004,millones de No.,0.7
FS,Datos de Seguridad Alimentaria,44,Colombia,6132,Valor,210250,Número de niños menores de 5 años con retraso en el crecimiento (estimación modelada) (millones),2005,2005,millones de No.,0.7
FS,Datos de Seguridad Alimentaria,44,Colombia,6132,Valor,210250,Número de niños menores de 5 años con retraso en el crecimiento (estimación modelada) (millones),2006,2006,millones de No.,0.6
FS,Datos de Seguridad Alimentaria,44,Colombia,6132,Valor,210250,Número de niños menores de 5 años con retraso en el crecimiento (estimación modelada) (millones),2007,2007,millones de No.,0.6
FS,Datos de Seguridad Alimentaria,44,Colombia,6132,Valor,210250,Número de niños menores de 5 años con retraso en el crecimiento (estimación modelada) (millones),2008,2008,millones de No.,0.6
FS,Datos de Seguridad Alimentaria,44,Colombia,6132,Valor,210250,Número de niños menores de 5 años con retraso en el crecimiento (estimación modelada) (millones),2009,2009,millones de No.,0.5
FS,Datos de Seguridad Alimentaria,44,Colombia,6132,Valor,210250,Número de niños menores de 5 años con retraso en el crecimiento (estimación modelada) (millones),2010,2010,millones de No.,0.5
FS,Datos de Seguridad Alimentaria,44,Colombia,6132,Valor,210250,Número de niños menores de 5 años con retraso en el crecimiento (estimación modelada) (millones),2011,2011,millones de No.,0.5
FS,Datos de Seguridad Alimentaria,44,Colombia,6132,Valor,210250,Número de niños menores de 5 años con retraso en el crecimiento (estimación modelada) (millones),2012,2012,millones de No.,0.5
FS,Datos de Seguridad Alimentaria,44,Colombia,6132,Valor,210250,Número de niños menores de 5 años con retraso en el crecimiento (estimación modelada) (millones),2013,2013,millones de No.,0.5
FS,Datos de Seguridad Alimentaria,44,Colombia,6132,Valor,210250,Número de niños menores de 5 años con retraso en el crecimiento (estimación modelada) (millones),2014,2014,millones de No.,0.5
FS,Datos de Seguridad Alimentaria,44,Colombia,6132,Valor,210250,Número de niños menores de 5 años con retraso en el crecimiento (estimación modelada) (millones),2015,2015,millones de No.,0.4
FS,Datos de Seguridad Alimentaria,44,Colombia,6132,Valor,210250,Número de niños menores de 5 años con retraso en el crecimiento (estimación modelada) (millones),2016,2016,millones de No.,0.4
FS,Datos de Seguridad Alimentaria,44,Colombia,6132,Valor,210250,Número de niños menores de 5 años con retraso en el crecimiento (estimación modelada) (millones),2017,2017,millones de No.,0.4
FS,Datos de Seguridad Alimentaria,44,Colombia,6132,Valor,210250,Número de niños menores de 5 años con retraso en el crecimiento (estimación modelada) (millones),2018,2018,millones de No.,0.4
FS,Datos de Seguridad Alimentaria,44,Colombia,6132,Valor,210250,Número de niños menores de 5 años con retraso en el crecimiento (estimación modelada) (millones),2019,2019,millones de No.,0.4
FS,Datos de Seguridad Alimentaria,44,Colombia,6132,Valor,210250,Número de niños menores de 5 años con retraso en el crecimiento (estimación modelada) (millones),2020,2020,millones de No.,0.4
FS,Datos de Seguridad Alimentaria,44,Colombia,6132,Valor,210250,Número de niños menores de 5 años con retraso en el crecimiento (estimación modelada) (millones),2021,2021,millones de No.,0.4
FS,Datos de Seguridad Alimentaria,44,Colombia,6132,Valor,210250,Número de niños menores de 5 años con retraso en el crecimiento (estimación modelada) (millones),2022,2022,millones de No.,0.4
FS,Datos de Seguridad Alimentaria,44,Colombia,6132,Valor,210250,Número de niños menores de 5 años con retraso en el crecimiento (estimación modelada) (millones),2023,2023,millones de No.,0.4
FS,Datos de Seguridad Alimentaria,44,Colombia,6132,Valor,210250,Número de niños menores de 5 años con retraso en el crecimiento (estimación modelada) (millones),2024,2024,millones de No.,0.4
FS,Datos de Seguridad Alimentaria,44,Colombia,6121,Valor,21041,Porcentaje de niños menores de 5 años con sobrepeso (estimación modelada) (%),2000,2000,%,4.6
FS,Datos de Seguridad Alimentaria,44,Colombia,6121,Valor,21041,Porcentaje de niños menores de 5 años con sobrepeso (estimación modelada) (%),2001,2001,%,4.6
FS,Datos de Seguridad Alimentaria,44,Colombia,6121,Valor,21041,Porcentaje de niños menores de 5 años con sobrepeso (estimación modelada) (%),2002,2002,%,4.6
FS,Datos de Seguridad Alimentaria,44,Colombia,6121,Valor,21041,Porcentaje de niños menores de 5 años con sobrepeso (estimación modelada) (%),2003,2003,%,4.6
FS,Datos de Seguridad Alimentaria,44,Colombia,6121,Valor,21041,Porcentaje de niños menores de 5 años con sobrepeso (estimación modelada) (%),2004,2004,%,4.7
FS,Datos de Seguridad Alimentaria,44,Colombia,6121,Valor,21041,Porcentaje de niños menores de 5 años con sobrepeso (estimación modelada) (%),2005,2005,%,4.7
FS,Datos de Seguridad Alimentaria,44,Colombia,6121,Valor,21041,Porcentaje de niños menores de 5 años con sobrepeso (estimación modelada) (%),2006,2006,%,4.7
FS,Datos de Seguridad Alimentaria,44,Colombia,6121,Valor,21041,Porcentaje de niños menores de 5 años con sobrepeso (estimación modelada) (%),2007,2007,%,4.8
FS,Datos de Seguridad Alimentaria,44,Colombia,6121,Valor,21041,Porcentaje de niños menores de 5 años con sobrepeso (estimación modelada) (%),2008,2008,%,4.8
FS,Datos de Seguridad Alimentaria,44,Colombia,6121,Valor,21041,Porcentaje de niños menores de 5 años con sobrepeso (estimación modelada) (%),2009,2009,%,4.9
FS,Datos de Seguridad Alimentaria,44,Colombia,6121,Valor,21041,Porcentaje de niños menores de 5 años con sobrepeso (estimación modelada) (%),2010,2010,%,4.9
FS,Datos de Seguridad Alimentaria,44,Colombia,6121,Valor,21041,Porcentaje de niños menores de 5 años con sobrepeso (estimación modelada) (%),2011,2011,%,5
FS,Datos de Seguridad Alimentaria,44,Colombia,6121,Valor,21041,Porcentaje de niños menores de 5 años con sobrepeso (estimación modelada) (%),2012,2012,%,5.1
FS,Datos de Seguridad Alimentaria,44,Colombia,6121,Valor,21041,Porcentaje de niños menores de 5 años con sobrepeso (estimación modelada) (%),2013,2013,%,5.1
FS,Datos de Seguridad Alimentaria,44,Colombia,6121,Valor,21041,Porcentaje de niños menores de 5 años con sobrepeso (estimación modelada) (%),2014,2014,%,5.2
FS,Datos de Seguridad Alimentaria,44,Colombia,6121,Valor,21041,Porcentaje de niños menores de 5 años con sobrepeso (estimación modelada) (%),2015,2015,%,5.3
FS,Datos de Seguridad Alimentaria,44,Colombia,6121,Valor,21041,Porcentaje de niños menores de 5 años con sobrepeso (estimación modelada) (%),2016,2016,%,5.4
FS,Datos de Seguridad Alimentaria,44,Colombia,6121,Valor,21041,Porcentaje de niños menores de 5 años con sobrepeso (estimación modelada) (%),2017,2017,%,5.5
FS,Datos de Seguridad Alimentaria,44,Colombia,6121,Valor,21041,Porcentaje de niños menores de 5 años con sobrepeso (estimación modelada) (%),2018,2018,%,5.6
FS,Datos de Seguridad Alimentaria,44,Colombia,6121,Valor,21041,Porcentaje de niños menores de 5 años con sobrepeso (estimación modelada) (%),2019,2019,%,5.8
FS,Datos de Seguridad Alimentaria,44,Colombia,6121,Valor,21041,Porcentaje de niños menores de 5 años con sobrepeso (estimación modelada) (%),2020,2020,%,5.9
FS,Datos de Seguridad Alimentaria,44,Colombia,6121,Valor,21041,Porcentaje de niños menores de 5 años con sobrepeso (estimación modelada) (%),2021,2021,%,6.1
FS,Datos de Seguridad Alimentaria,44,Colombia,6121,Valor,21041,Porcentaje de niños menores de 5 años con sobrepeso (estimación modelada) (%),2022,2022,%,6.3
FS,Datos de Seguridad Alimentaria,44,Colombia,6121,Valor,21041,Porcentaje de niños menores de 5 años con sobrepeso (estimación modelada) (%),2023,2023,%,6.5
FS,Datos de Seguridad Alimentaria,44,Colombia,6121,Valor,21041,Porcentaje de niños menores de 5 años con sobrepeso (estimación modelada) (%),2024,2024,%,6.8
FS,Datos de Seguridad Alimentaria,44,Colombia,6132,Valor,210410,Número de niños menores de 5 años con sobrepeso (estimación modelada) (millones),2000,2000,millones de No.,0.2
FS,Datos de Seguridad Alimentaria,44,Colombia,6132,Valor,210410,Número de niños menores de 5 años con sobrepeso (estimación modelada) (millones),2001,2001,millones de No.,0.2
FS,Datos de Seguridad Alimentaria,44,Colombia,6132,Valor,210410,Número de niños menores de 5 años con sobrepeso (estimación modelada) (millones),2002,2002,millones de No.,0.2
FS,Datos de Seguridad Alimentaria,44,Colombia,6132,Valor,210410,Número de niños menores de 5 años con sobrepeso (estimación modelada) (millones),2003,2003,millones de No.,0.2
FS,Datos de Seguridad Alimentaria,44,Colombia,6132,Valor,210410,Número de niños menores de 5 años con sobrepeso (estimación modelada) (millones),2004,2004,millones de No.,0.2
FS,Datos de Seguridad Alimentaria,44,Colombia,6132,Valor,210410,Número de niños menores de 5 años con sobrepeso (estimación modelada) (millones),2005,2005,millones de No.,0.2
FS,Datos de Seguridad Alimentaria,44,Colombia,6132,Valor,210410,Número de niños menores de 5 años con sobrepeso (estimación modelada) (millones),2006,2006,millones de No.,0.2
FS,Datos de Seguridad Alimentaria,44,Colombia,6132,Valor,210410,Número de niños menores de 5 años con sobrepeso (estimación modelada) (millones),2007,2007,millones de No.,0.2
FS,Datos de Seguridad Alimentaria,44,Colombia,6132,Valor,210410,Número de niños menores de 5 años con sobrepeso (estimación modelada) (millones),2008,2008,millones de No.,0.2
FS,Datos de Seguridad Alimentaria,44,Colombia,6132,Valor,210410,Número de niños menores de 5 años con sobrepeso (estimación modelada) (millones),2009,2009,millones de No.,0.2
FS,Datos de Seguridad Alimentaria,44,Colombia,6132,Valor,210410,Número de niños menores de 5 años con sobrepeso (estimación modelada) (millones),2010,2010,millones de No.,0.2
FS,Datos de Seguridad Alimentaria,44,Colombia,6132,Valor,210410,Número de niños menores de 5 años con sobrepeso (estimación modelada) (millones),2011,2011,millones de No.,0.2
FS,Datos de Seguridad Alimentaria,44,Colombia,6132,Valor,210410,Número de niños menores de 5 años con sobrepeso (estimación modelada) (millones),2012,2012,millones de No.,0.2
FS,Datos de Seguridad Alimentaria,44,Colombia,6132,Valor,210410,Número de niños menores de 5 años con sobrepeso (estimación modelada) (millones),2013,2013,millones de No.,0.2
FS,Datos de Seguridad Alimentaria,44,Colombia,6132,Valor,210410,Número de niños menores de 5 años con sobrepeso (estimación modelada) (millones),2014,2014,millones de No.,0.2
FS,Datos de Seguridad Alimentaria,44,Colombia,6132,Valor,210410,Número de niños menores de 5 años con sobrepeso (estimación modelada) (millones),2015,2015,millones de No.,0.2
FS,Datos de Seguridad Alimentaria,44,Colombia,6132,Valor,210410,Número de niños menores de 5 años con sobrepeso (estimación modelada) (millones),2016,2016,millones de No.,0.2
FS,Datos de Seguridad Alimentaria,44,Colombia,6132,Valor,210410,Número de niños menores de 5 años con sobrepeso (estimación modelada) (millones),2017,2017,millones de No.,0.2
FS,Datos de Seguridad Alimentaria,44,Colombia,6132,Valor,210410,Número de niños menores de 5 años con sobrepeso (estimación modelada) (millones),2018,2018,millones de No.,0.2
FS,Datos de Seguridad Alimentaria,44,Colombia,6132,Valor,210410,Número de niños menores de 5 años con sobrepeso (estimación modelada) (millones),2019,2019,millones de No.,0.2
FS,Datos de Seguridad Alimentaria,44,Colombia,6132,Valor,210410,Número de niños menores de 5 años con sobrepeso (estimación modelada) (millones),2020,2020,millones de No.,0.2
FS,Datos de Seguridad Alimentaria,44,Colombia,6132,Valor,210410,Número de niños menores de 5 años con sobrepeso (estimación modelada) (millones),2021,2021,millones de No.,0.2
FS,Datos de Seguridad Alimentaria,44,Colombia,6132,Valor,210410,Número de niños menores de 5 años con sobrepeso (estimación modelada) (millones),2022,2022,millones de No.,0.2
FS,Datos de Seguridad Alimentaria,44,Colombia,6132,Valor,210410,Número de niños menores de 5 años con sobrepeso (estimación modelada) (millones),2023,2023,millones de No.,0.2
FS,Datos de Seguridad Alimentaria,44,Colombia,6132,Valor,210410,Número de niños menores de 5 años con sobrepeso (estimación modelada) (millones),2024,2024,millones de No.,0.2
FS,Datos de Seguridad Alimentaria,44,Colombia,6121,Valor,21042,Prevalencia de la obesidad entre la población adulta (18 años y más),2000,2000,%,11.7
FS,Datos de Seguridad Alimentaria,44,Colombia,6121,Valor,21042,Prevalencia de la obesidad entre la población adulta (18 años y más),2001,2001,%,12.2
FS,Datos de Seguridad Alimentaria,44,Colombia,6121,Valor,21042,Prevalencia de la obesidad entre la población adulta (18 años y más),2002,2002,%,12.7
FS,Datos de Seguridad Alimentaria,44,Colombia,6121,Valor,21042,Prevalencia de la obesidad entre la población adulta (18 años y más),2003,2003,%,13.2
FS,Datos de Seguridad Alimentaria,44,Colombia,6121,Valor,21042,Prevalencia de la obesidad entre la población adulta (18 años y más),2004,2004,%,13.7
FS,Datos de Seguridad Alimentaria,44,Colombia,6121,Valor,21042,Prevalencia de la obesidad entre la población adulta (18 años y más),2005,2005,%,14.2
FS,Datos de Seguridad Alimentaria,44,Colombia,6121,Valor,21042,Prevalencia de la obesidad entre la población adulta (18 años y más),2006,2006,%,14.7
FS,Datos de Seguridad Alimentaria,44,Colombia,6121,Valor,21042,Prevalencia de la obesidad entre la población adulta (18 años y más),2007,2007,%,15.3
FS,Datos de Seguridad Alimentaria,44,Colombia,6121,Valor,21042,Prevalencia de la obesidad entre la población adulta (18 años y más),2008,2008,%,15.8
FS,Datos de Seguridad Alimentaria,44,Colombia,6121,Valor,21042,Prevalencia de la obesidad entre la población adulta (18 años y más),2009,2009,%,16.4
FS,Datos de Seguridad Alimentaria,44,Colombia,6121,Valor,21042,Prevalencia de la obesidad entre la población adulta (18 años y más),2010,2010,%,17
FS,Datos de Seguridad Alimentaria,44,Colombia,6121,Valor,21042,Prevalencia de la obesidad entre la población adulta (18 años y más),2011,2011,%,17.6
FS,Datos de Seguridad Alimentaria,44,Colombia,6121,Valor,21042,Prevalencia de la obesidad entre la población adulta (18 años y más),2012,2012,%,18.2
FS,Datos de Seguridad Alimentaria,44,Colombia,6121,Valor,21042,Prevalencia de la obesidad entre la población adulta (18 años y más),2013,2013,%,18.8
FS,Datos de Seguridad Alimentaria,44,Colombia,6121,Valor,21042,Prevalencia de la obesidad entre la población adulta (18 años y más),2014,2014,%,19.4
FS,Datos de Seguridad Alimentaria,44,Colombia,6121,Valor,21042,Prevalencia de la obesidad entre la población adulta (18 años y más),2015,2015,%,20
FS,Datos de Seguridad Alimentaria,44,Colombia,6121,Valor,21042,Prevalencia de la obesidad entre la población adulta (18 años y más),2016,2016,%,20.5
FS,Datos de Seguridad Alimentaria,44,Colombia,6121,Valor,21042,Prevalencia de la obesidad entre la población adulta (18 años y más),2017,2017,%,21.1
FS,Datos de Seguridad Alimentaria,44,Colombia,6121,Valor,21042,Prevalencia de la obesidad entre la población adulta (18 años y más),2018,2018,%,21.6
FS,Datos de Seguridad Alimentaria,44,Colombia,6121,Valor,21042,Prevalencia de la obesidad entre la población adulta (18 años y más),2019,2019,%,22.1
FS,Datos de Seguridad Alimentaria,44,Colombia,6121,Valor,21042,Prevalencia de la obesidad entre la población adulta (18 años y más),2020,2020,%,22.7
FS,Datos de Seguridad Alimentaria,44,Colombia,6121,Valor,21042,Prevalencia de la obesidad entre la población adulta (18 años y más),2021,2021,%,23.2
FS,Datos de Seguridad Alimentaria,44,Colombia,6121,Valor,21042,Prevalencia de la obesidad entre la población adulta (18 años y más),2022,2022,%,23.8
FS,Datos de Seguridad Alimentaria,44,Colombia,6121,Valor,21042,Prevalencia de la obesidad entre la población adulta (18 años y más),2023,2023,%,24.3
FS,Datos de Seguridad Alimentaria,44,Colombia,6121,Valor,21042,Prevalencia de la obesidad entre la población adulta (18 años y más),2024,2024,%,24.9
FS,Datos de Seguridad Alimentaria,44,Colombia,6132,Valor,210420,Número de adultos obesos (18 años o más) (millones),2000,2000,millones de No.,2.8
FS,Datos de Seguridad Alimentaria,44,Colombia,6132,Valor,210420,Número de adultos obesos (18 años o más) (millones),2001,2001,millones de No.,3
FS,Datos de Seguridad Alimentaria,44,Colombia,6132,Valor,210420,Número de adultos obesos (18 años o más) (millones),2002,2002,millones de No.,3.2
FS,Datos de Seguridad Alimentaria,44,Colombia,6132,Valor,210420,Número de adultos obesos (18 años o más) (millones),2003,2003,millones de No.,3.4
FS,Datos de Seguridad Alimentaria,44,Colombia,6132,Valor,210420,Número de adultos obesos (18 años o más) (millones),2004,2004,millones de No.,3.6
FS,Datos de Seguridad Alimentaria,44,Colombia,6132,Valor,210420,Número de adultos obesos (18 años o más) (millones),2005,2005,millones de No.,3.8
FS,Datos de Seguridad Alimentaria,44,Colombia,6132,Valor,210420,Número de adultos obesos (18 años o más) (millones),2006,2006,millones de No.,4
FS,Datos de Seguridad Alimentaria,44,Colombia,6132,Valor,210420,Número de adultos obesos (18 años o más) (millones),2007,2007,millones de No.,4.3
FS,Datos de Seguridad Alimentaria,44,Colombia,6132,Valor,210420,Número de adultos obesos (18 años o más) (millones),2008,2008,millones de No.,4.5
FS,Datos de Seguridad Alimentaria,44,Colombia,6132,Valor,210420,Número de adultos obesos (18 años o más) (millones),2009,2009,millones de No.,4.8
FS,Datos de Seguridad Alimentaria,44,Colombia,6132,Valor,210420,Número de adultos obesos (18 años o más) (millones),2010,2010,millones de No.,5.1
FS,Datos de Seguridad Alimentaria,44,Colombia,6132,Valor,210420,Número de adultos obesos (18 años o más) (millones),2011,2011,millones de No.,5.4
FS,Datos de Seguridad Alimentaria,44,Colombia,6132,Valor,210420,Número de adultos obesos (18 años o más) (millones),2012,2012,millones de No.,5.7
FS,Datos de Seguridad Alimentaria,44,Colombia,6132,Valor,210420,Número de adultos obesos (18 años o más) (millones),2013,2013,millones de No.,6
FS,Datos de Seguridad Alimentaria,44,Colombia,6132,Valor,210420,Número de adultos obesos (18 años o más) (millones),2014,2014,millones de No.,6.3
FS,Datos de Seguridad Alimentaria,44,Colombia,6132,Valor,210420,Número de adultos obesos (18 años o más) (millones),2015,2015,millones de No.,6.6
FS,Datos de Seguridad Alimentaria,44,Colombia,6132,Valor,210420,Número de adultos obesos (18 años o más) (millones),2016,2016,millones de No.,6.9
FS,Datos de Seguridad Alimentaria,44,Colombia,6132,Valor,210420,Número de adultos obesos (18 años o más) (millones),2017,2017,millones de No.,7.3
FS,Datos de Seguridad Alimentaria,44,Colombia,6132,Valor,210420,Número de adultos obesos (18 años o más) (millones),2018,2018,millones de No.,7.7
FS,Datos de Seguridad Alimentaria,44,Colombia,6132,Valor,210420,Número de adultos obesos (18 años o más) (millones),2019,2019,millones de No.,8.1
FS,Datos de Seguridad Alimentaria,44,Colombia,6132,Valor,210420,Número de adultos obesos (18 años o más) (millones),2020,2020,millones de No.,8.4
FS,Datos de Seguridad Alimentaria,44,Colombia,6132,Valor,210420,Número de adultos obesos (18 años o más) (millones),2021,2021,millones de No.,8.8
FS,Datos de Seguridad Alimentaria,44,Colombia,6132,Valor,210420,Número de adultos obesos (18 años o más) (millones),2022,2022,millones de No.,9.2
FS,Datos de Seguridad Alimentaria,44,Colombia,6132,Valor,210420,Número de adultos obesos (18 años o más) (millones),2023,2023,millones de No.,9.5
FS,Datos de Seguridad Alimentaria,44,Colombia,6132,Valor,210420,Número de adultos obesos (18 años o más) (millones),2024,2024,millones de No.,9.9
FS,Datos de Seguridad Alimentaria,44,Colombia,6121,Valor,21043,Prevalencia de la anemia entre las mujeres en edad fértil (15-49 años),2000,2000,%,30.7
FS,Datos de Seguridad Alimentaria,44,Colombia,6121,Valor,21043,Prevalencia de la anemia entre las mujeres en edad fértil (15-49 años),2001,2001,%,29.6
FS,Datos de Seguridad Alimentaria,44,Colombia,6121,Valor,21043,Prevalencia de la anemia entre las mujeres en edad fértil (15-49 años),2002,2002,%,28.5
FS,Datos de Seguridad Alimentaria,44,Colombia,6121,Valor,21043,Prevalencia de la anemia entre las mujeres en edad fértil (15-49 años),2003,2003,%,27.3
FS,Datos de Seguridad Alimentaria,44,Colombia,6121,Valor,21043,Prevalencia de la anemia entre las mujeres en edad fértil (15-49 años),2004,2004,%,26.1
FS,Datos de Seguridad Alimentaria,44,Colombia,6121,Valor,21043,Prevalencia de la anemia entre las mujeres en edad fértil (15-49 años),2005,2005,%,24.9
FS,Datos de Seguridad Alimentaria,44,Colombia,6121,Valor,21043,Prevalencia de la anemia entre las mujeres en edad fértil (15-49 años),2006,2006,%,23.6
FS,Datos de Seguridad Alimentaria,44,Colombia,6121,Valor,21043,Prevalencia de la anemia entre las mujeres en edad fértil (15-49 años),2007,2007,%,22.4
FS,Datos de Seguridad Alimentaria,44,Colombia,6121,Valor,21043,Prevalencia de la anemia entre las mujeres en edad fértil (15-49 años),2008,2008,%,21.1
FS,Datos de Seguridad Alimentaria,44,Colombia,6121,Valor,21043,Prevalencia de la anemia entre las mujeres en edad fértil (15-49 años),2009,2009,%,20
FS,Datos de Seguridad Alimentaria,44,Colombia,6121,Valor,21043,Prevalencia de la anemia entre las mujeres en edad fértil (15-49 años),2010,2010,%,19
FS,Datos de Seguridad Alimentaria,44,Colombia,6121,Valor,21043,Prevalencia de la anemia entre las mujeres en edad fértil (15-49 años),2011,2011,%,18.3
FS,Datos de Seguridad Alimentaria,44,Colombia,6121,Valor,21043,Prevalencia de la anemia entre las mujeres en edad fértil (15-49 años),2012,2012,%,17.9
FS,Datos de Seguridad Alimentaria,44,Colombia,6121,Valor,21043,Prevalencia de la anemia entre las mujeres en edad fértil (15-49 años),2013,2013,%,17.8
FS,Datos de Seguridad Alimentaria,44,Colombia,6121,Valor,21043,Prevalencia de la anemia entre las mujeres en edad fértil (15-49 años),2014,2014,%,17.8
FS,Datos de Seguridad Alimentaria,44,Colombia,6121,Valor,21043,Prevalencia de la anemia entre las mujeres en edad fértil (15-49 años),2015,2015,%,18
FS,Datos de Seguridad Alimentaria,44,Colombia,6121,Valor,21043,Prevalencia de la anemia entre las mujeres en edad fértil (15-49 años),2016,2016,%,18.2
FS,Datos de Seguridad Alimentaria,44,Colombia,6121,Valor,21043,Prevalencia de la anemia entre las mujeres en edad fértil (15-49 años),2017,2017,%,18.6
FS,Datos de Seguridad Alimentaria,44,Colombia,6121,Valor,21043,Prevalencia de la anemia entre las mujeres en edad fértil (15-49 años),2018,2018,%,19
FS,Datos de Seguridad Alimentaria,44,Colombia,6121,Valor,21043,Prevalencia de la anemia entre las mujeres en edad fértil (15-49 años),2019,2019,%,19.5
FS,Datos de Seguridad Alimentaria,44,Colombia,6121,Valor,21043,Prevalencia de la anemia entre las mujeres en edad fértil (15-49 años),2020,2020,%,20.1
FS,Datos de Seguridad Alimentaria,44,Colombia,6121,Valor,21043,Prevalencia de la anemia entre las mujeres en edad fértil (15-49 años),2021,2021,%,20.7
FS,Datos de Seguridad Alimentaria,44,Colombia,6121,Valor,21043,Prevalencia de la anemia entre las mujeres en edad fértil (15-49 años),2022,2022,%,21.5
FS,Datos de Seguridad Alimentaria,44,Colombia,6121,Valor,21043,Prevalencia de la anemia entre las mujeres en edad fértil (15-49 años),2023,2023,%,22.4
FS,Datos de Seguridad Alimentaria,44,Colombia,6132,Valor,210430,Número de mujeres en edad reproductiva (15-49 años) afectadas por anemia (millones),2000,2000,millones de No.,3.3
FS,Datos de Seguridad Alimentaria,44,Colombia,6132,Valor,210430,Número de mujeres en edad reproductiva (15-49 años) afectadas por anemia (millones),2001,2001,millones de No.,3.2
FS,Datos de Seguridad Alimentaria,44,Colombia,6132,Valor,210430,Número de mujeres en edad reproductiva (15-49 años) afectadas por anemia (millones),2002,2002,millones de No.,3.1
FS,Datos de Seguridad Alimentaria,44,Colombia,6132,Valor,210430,Número de mujeres en edad reproductiva (15-49 años) afectadas por anemia (millones),2003,2003,millones de No.,3.1
FS,Datos de Seguridad Alimentaria,44,Colombia,6132,Valor,210430,Número de mujeres en edad reproductiva (15-49 años) afectadas por anemia (millones),2004,2004,millones de No.,3
FS,Datos de Seguridad Alimentaria,44,Colombia,6132,Valor,210430,Número de mujeres en edad reproductiva (15-49 años) afectadas por anemia (millones),2005,2005,millones de No.,2.9
FS,Datos de Seguridad Alimentaria,44,Colombia,6132,Valor,210430,Número de mujeres en edad reproductiva (15-49 años) afectadas por anemia (millones),2006,2006,millones de No.,2.8
FS,Datos de Seguridad Alimentaria,44,Colombia,6132,Valor,210430,Número de mujeres en edad reproductiva (15-49 años) afectadas por anemia (millones),2007,2007,millones de No.,2.6
FS,Datos de Seguridad Alimentaria,44,Colombia,6132,Valor,210430,Número de mujeres en edad reproductiva (15-49 años) afectadas por anemia (millones),2008,2008,millones de No.,2.5
FS,Datos de Seguridad Alimentaria,44,Colombia,6132,Valor,210430,Número de mujeres en edad reproductiva (15-49 años) afectadas por anemia (millones),2009,2009,millones de No.,2.4
FS,Datos de Seguridad Alimentaria,44,Colombia,6132,Valor,210430,Número de mujeres en edad reproductiva (15-49 años) afectadas por anemia (millones),2010,2010,millones de No.,2.3
FS,Datos de Seguridad Alimentaria,44,Colombia,6132,Valor,210430,Número de mujeres en edad reproductiva (15-49 años) afectadas por anemia (millones),2011,2011,millones de No.,2.3
FS,Datos de Seguridad Alimentaria,44,Colombia,6132,Valor,210430,Número de mujeres en edad reproductiva (15-49 años) afectadas por anemia (millones),2012,2012,millones de No.,2.2
FS,Datos de Seguridad Alimentaria,44,Colombia,6132,Valor,210430,Número de mujeres en edad reproductiva (15-49 años) afectadas por anemia (millones),2013,2013,millones de No.,2.2
FS,Datos de Seguridad Alimentaria,44,Colombia,6132,Valor,210430,Número de mujeres en edad reproductiva (15-49 años) afectadas por anemia (millones),2014,2014,millones de No.,2.3
FS,Datos de Seguridad Alimentaria,44,Colombia,6132,Valor,210430,Número de mujeres en edad reproductiva (15-49 años) afectadas por anemia (millones),2015,2015,millones de No.,2.3
FS,Datos de Seguridad Alimentaria,44,Colombia,6132,Valor,210430,Número de mujeres en edad reproductiva (15-49 años) afectadas por anemia (millones),2016,2016,millones de No.,2.3
FS,Datos de Seguridad Alimentaria,44,Colombia,6132,Valor,210430,Número de mujeres en edad reproductiva (15-49 años) afectadas por anemia (millones),2017,2017,millones de No.,2.4
FS,Datos de Seguridad Alimentaria,44,Colombia,6132,Valor,210430,Número de mujeres en edad reproductiva (15-49 años) afectadas por anemia (millones),2018,2018,millones de No.,2.5
FS,Datos de Seguridad Alimentaria,44,Colombia,6132,Valor,210430,Número de mujeres en edad reproductiva (15-49 años) afectadas por anemia (millones),2019,2019,millones de No.,2.6
FS,Datos de Seguridad Alimentaria,44,Colombia,6132,Valor,210430,Número de mujeres en edad reproductiva (15-49 años) afectadas por anemia (millones),2020,2020,millones de No.,2.8
FS,Datos de Seguridad Alimentaria,44,Colombia,6132,Valor,210430,Número de mujeres en edad reproductiva (15-49 años) afectadas por anemia (millones),2021,2021,millones de No.,2.9
FS,Datos de Seguridad Alimentaria,44,Colombia,6132,Valor,210430,Número de mujeres en edad reproductiva (15-49 años) afectadas por anemia (millones),2022,2022,millones de No.,3
FS,Datos de Seguridad Alimentaria,44,Colombia,6132,Valor,210430,Número de mujeres en edad reproductiva (15-49 años) afectadas por anemia (millones),2023,2023,millones de No.,3.2
FS,Datos de Seguridad Alimentaria,44,Colombia,6121,Valor,21044,Prevalencia de la lactancia materna exclusiva en lactantes de 0 a 5 meses de edad,2000,2000,%,25.1
FS,Datos de Seguridad Alimentaria,44,Colombia,6121,Valor,21044,Prevalencia de la lactancia materna exclusiva en lactantes de 0 a 5 meses de edad,2005,2005,%,46.8
FS,Datos de Seguridad Alimentaria,44,Colombia,6121,Valor,21044,Prevalencia de la lactancia materna exclusiva en lactantes de 0 a 5 meses de edad,2010,2010,%,42.9
FS,Datos de Seguridad Alimentaria,44,Colombia,6121,Valor,21044,Prevalencia de la lactancia materna exclusiva en lactantes de 0 a 5 meses de edad,2016,2016,%,36.7
FS,Datos de Seguridad Alimentaria,44,Colombia,6121,Valor,21049,Prevalencia de bajo peso al nacer (%),2000,2000,%,9.7
FS,Datos de Seguridad Alimentaria,44,Colombia,6121,Valor,21049,Prevalencia de bajo peso al nacer (%),2001,2001,%,9.7
FS,Datos de Seguridad Alimentaria,44,Colombia,6121,Valor,21049,Prevalencia de bajo peso al nacer (%),2002,2002,%,9.8
FS,Datos de Seguridad Alimentaria,44,Colombia,6121,Valor,21049,Prevalencia de bajo peso al nacer (%),2003,2003,%,9.9
FS,Datos de Seguridad Alimentaria,44,Colombia,6121,Valor,21049,Prevalencia de bajo peso al nacer (%),2004,2004,%,10
FS,Datos de Seguridad Alimentaria,44,Colombia,6121,Valor,21049,Prevalencia de bajo peso al nacer (%),2005,2005,%,10
FS,Datos de Seguridad Alimentaria,44,Colombia,6121,Valor,21049,Prevalencia de bajo peso al nacer (%),2006,2006,%,10.1
FS,Datos de Seguridad Alimentaria,44,Colombia,6121,Valor,21049,Prevalencia de bajo peso al nacer (%),2007,2007,%,10.2
FS,Datos de Seguridad Alimentaria,44,Colombia,6121,Valor,21049,Prevalencia de bajo peso al nacer (%),2008,2008,%,10.2
FS,Datos de Seguridad Alimentaria,44,Colombia,6121,Valor,21049,Prevalencia de bajo peso al nacer (%),2009,2009,%,10.3
FS,Datos de Seguridad Alimentaria,44,Colombia,6121,Valor,21049,Prevalencia de bajo peso al nacer (%),2010,2010,%,10.4
FS,Datos de Seguridad Alimentaria,44,Colombia,6121,Valor,21049,Prevalencia de bajo peso al nacer (%),2011,2011,%,10.4
FS,Datos de Seguridad Alimentaria,44,Colombia,6121,Valor,21049,Prevalencia de bajo peso al nacer (%),2012,2012,%,10.5
FS,Datos de Seguridad Alimentaria,44,Colombia,6121,Valor,21049,Prevalencia de bajo peso al nacer (%),2013,2013,%,10.5
FS,Datos de Seguridad Alimentaria,44,Colombia,6121,Valor,21049,Prevalencia de bajo peso al nacer (%),2014,2014,%,10.6
FS,Datos de Seguridad Alimentaria,44,Colombia,6121,Valor,21049,Prevalencia de bajo peso al nacer (%),2015,2015,%,10.6
FS,Datos de Seguridad Alimentaria,44,Colombia,6121,Valor,21049,Prevalencia de bajo peso al nacer (%),2016,2016,%,10.7
FS,Datos de Seguridad Alimentaria,44,Colombia,6121,Valor,21049,Prevalencia de bajo peso al nacer (%),2017,2017,%,10.8
FS,Datos de Seguridad Alimentaria,44,Colombia,6121,Valor,21049,Prevalencia de bajo peso al nacer (%),2018,2018,%,10.8
FS,Datos de Seguridad Alimentaria,44,Colombia,6121,Valor,21049,Prevalencia de bajo peso al nacer (%),2019,2019,%,10.9
FS,Datos de Seguridad Alimentaria,44,Colombia,6121,Valor,21049,Prevalencia de bajo peso al nacer (%),2020,2020,%,11
FS,Datos de Seguridad Alimentaria,44,Colombia,6132,Valor,210490,Número de recién nacidos con bajo peso al nacer (millones),2000,2000,millones de No.,0.1
FS,Datos de Seguridad Alimentaria,44,Colombia,6132,Valor,210490,Número de recién nacidos con bajo peso al nacer (millones),2001,2001,millones de No.,0.1
FS,Datos de Seguridad Alimentaria,44,Colombia,6132,Valor,210490,Número de recién nacidos con bajo peso al nacer (millones),2002,2002,millones de No.,0.1
FS,Datos de Seguridad Alimentaria,44,Colombia,6132,Valor,210490,Número de recién nacidos con bajo peso al nacer (millones),2003,2003,millones de No.,0.1
FS,Datos de Seguridad Alimentaria,44,Colombia,6132,Valor,210490,Número de recién nacidos con bajo peso al nacer (millones),2004,2004,millones de No.,0.1
FS,Datos de Seguridad Alimentaria,44,Colombia,6132,Valor,210490,Número de recién nacidos con bajo peso al nacer (millones),2005,2005,millones de No.,0.1
FS,Datos de Seguridad Alimentaria,44,Colombia,6132,Valor,210490,Número de recién nacidos con bajo peso al nacer (millones),2006,2006,millones de No.,0.1
FS,Datos de Seguridad Alimentaria,44,Colombia,6132,Valor,210490,Número de recién nacidos con bajo peso al nacer (millones),2007,2007,millones de No.,0.1
FS,Datos de Seguridad Alimentaria,44,Colombia,6132,Valor,210490,Número de recién nacidos con bajo peso al nacer (millones),2008,2008,millones de No.,0.1
FS,Datos de Seguridad Alimentaria,44,Colombia,6132,Valor,210490,Número de recién nacidos con bajo peso al nacer (millones),2009,2009,millones de No.,0.1
FS,Datos de Seguridad Alimentaria,44,Colombia,6132,Valor,210490,Número de recién nacidos con bajo peso al nacer (millones),2010,2010,millones de No.,0.1
FS,Datos de Seguridad Alimentaria,44,Colombia,6132,Valor,210490,Número de recién nacidos con bajo peso al nacer (millones),2011,2011,millones de No.,0.1
FS,Datos de Seguridad Alimentaria,44,Colombia,6132,Valor,210490,Número de recién nacidos con bajo peso al nacer (millones),2012,2012,millones de No.,0.1
FS,Datos de Seguridad Alimentaria,44,Colombia,6132,Valor,210490,Número de recién nacidos con bajo peso al nacer (millones),2013,2013,millones de No.,0.1
FS,Datos de Seguridad Alimentaria,44,Colombia,6132,Valor,210490,Número de recién nacidos con bajo peso al nacer (millones),2014,2014,millones de No.,0.1
FS,Datos de Seguridad Alimentaria,44,Colombia,6132,Valor,210490,Número de recién nacidos con bajo peso al nacer (millones),2015,2015,millones de No.,0.1
FS,Datos de Seguridad Alimentaria,44,Colombia,6132,Valor,210490,Número de recién nacidos con bajo peso al nacer (millones),2016,2016,millones de No.,0.1
FS,Datos de Seguridad Alimentaria,44,Colombia,6132,Valor,210490,Número de recién nacidos con bajo peso al nacer (millones),2017,2017,millones de No.,0.1
FS,Datos de Seguridad Alimentaria,44,Colombia,6132,Valor,210490,Número de recién nacidos con bajo peso al nacer (millones),2018,2018,millones de No.,0.1
FS,Datos de Seguridad Alimentaria,44,Colombia,6132,Valor,210490,Número de recién nacidos con bajo peso al nacer (millones),2019,2019,millones de No.,0.1
FS,Datos de Seguridad Alimentaria,44,Colombia,6132,Valor,210490,Número de recién nacidos con bajo peso al nacer (millones),2020,2020,millones de No.,0.1
FS,Datos de Seguridad Alimentaria,44,Colombia,6128,Valor,21056,Requerimiento mínimo de energía alimentaria (kcal/cap/día),2000,2000,kcal/persona/día,1768
FS,Datos de Seguridad Alimentaria,44,Colombia,6128,Valor,21056,Requerimiento mínimo de energía alimentaria (kcal/cap/día),2001,2001,kcal/persona/día,1771
FS,Datos de Seguridad Alimentaria,44,Colombia,6128,Valor,21056,Requerimiento mínimo de energía alimentaria (kcal/cap/día),2002,2002,kcal/persona/día,1775
FS,Datos de Seguridad Alimentaria,44,Colombia,6128,Valor,21056,Requerimiento mínimo de energía alimentaria (kcal/cap/día),2003,2003,kcal/persona/día,1778
FS,Datos de Seguridad Alimentaria,44,Colombia,6128,Valor,21056,Requerimiento mínimo de energía alimentaria (kcal/cap/día),2004,2004,kcal/persona/día,1781
FS,Datos de Seguridad Alimentaria,44,Colombia,6128,Valor,21056,Requerimiento mínimo de energía alimentaria (kcal/cap/día),2005,2005,kcal/persona/día,1785
FS,Datos de Seguridad Alimentaria,44,Colombia,6128,Valor,21056,Requerimiento mínimo de energía alimentaria (kcal/cap/día),2006,2006,kcal/persona/día,1789
FS,Datos de Seguridad Alimentaria,44,Colombia,6128,Valor,21056,Requerimiento mínimo de energía alimentaria (kcal/cap/día),2007,2007,kcal/persona/día,1793
FS,Datos de Seguridad Alimentaria,44,Colombia,6128,Valor,21056,Requerimiento mínimo de energía alimentaria (kcal/cap/día),2008,2008,kcal/persona/día,1797
FS,Datos de Seguridad Alimentaria,44,Colombia,6128,Valor,21056,Requerimiento mínimo de energía alimentaria (kcal/cap/día),2009,2009,kcal/persona/día,1801
FS,Datos de Seguridad Alimentaria,44,Colombia,6128,Valor,21056,Requerimiento mínimo de energía alimentaria (kcal/cap/día),2010,2010,kcal/persona/día,1804
FS,Datos de Seguridad Alimentaria,44,Colombia,6128,Valor,21056,Requerimiento mínimo de energía alimentaria (kcal/cap/día),2011,2011,kcal/persona/día,1808
FS,Datos de Seguridad Alimentaria,44,Colombia,6128,Valor,21056,Requerimiento mínimo de energía alimentaria (kcal/cap/día),2012,2012,kcal/persona/día,1812
FS,Datos de Seguridad Alimentaria,44,Colombia,6128,Valor,21056,Requerimiento mínimo de energía alimentaria (kcal/cap/día),2013,2013,kcal/persona/día,1815
FS,Datos de Seguridad Alimentaria,44,Colombia,6128,Valor,21056,Requerimiento mínimo de energía alimentaria (kcal/cap/día),2014,2014,kcal/persona/día,1818
FS,Datos de Seguridad Alimentaria,44,Colombia,6128,Valor,21056,Requerimiento mínimo de energía alimentaria (kcal/cap/día),2015,2015,kcal/persona/día,1821
FS,Datos de Seguridad Alimentaria,44,Colombia,6128,Valor,21056,Requerimiento mínimo de energía alimentaria (kcal/cap/día),2016,2016,kcal/persona/día,1824
FS,Datos de Seguridad Alimentaria,44,Colombia,6128,Valor,21056,Requerimiento mínimo de energía alimentaria (kcal/cap/día),2017,2017,kcal/persona/día,1828
FS,Datos de Seguridad Alimentaria,44,Colombia,6128,Valor,21056,Requerimiento mínimo de energía alimentaria (kcal/cap/día),2018,2018,kcal/persona/día,1831
FS,Datos de Seguridad Alimentaria,44,Colombia,6128,Valor,21056,Requerimiento mínimo de energía alimentaria (kcal/cap/día),2019,2019,kcal/persona/día,1833
FS,Datos de Seguridad Alimentaria,44,Colombia,6128,Valor,21056,Requerimiento mínimo de energía alimentaria (kcal/cap/día),2020,2020,kcal/persona/día,1834
FS,Datos de Seguridad Alimentaria,44,Colombia,6128,Valor,21056,Requerimiento mínimo de energía alimentaria (kcal/cap/día),2021,2021,kcal/persona/día,1835
FS,Datos de Seguridad Alimentaria,44,Colombia,6128,Valor,21056,Requerimiento mínimo de energía alimentaria (kcal/cap/día),2022,2022,kcal/persona/día,1836
FS,Datos de Seguridad Alimentaria,44,Colombia,6128,Valor,21056,Requerimiento mínimo de energía alimentaria (kcal/cap/día),2023,2023,kcal/persona/día,1837
FS,Datos de Seguridad Alimentaria,44,Colombia,6128,Valor,21056,Requerimiento mínimo de energía alimentaria (kcal/cap/día),2024,2024,kcal/persona/día,1838
FS,Datos de Seguridad Alimentaria,44,Colombia,6128,Valor,21056,Requerimiento mínimo de energía alimentaria (kcal/cap/día),2025,2025,kcal/persona/día,1838
FS,Datos de Seguridad Alimentaria,44,Colombia,6128,Valor,21057,Requerimiento promedio de energía alimentaria (kcal/cap/día),2000,2000,kcal/persona/día,2281
FS,Datos de Seguridad Alimentaria,44,Colombia,6128,Valor,21057,Requerimiento promedio de energía alimentaria (kcal/cap/día),2001,2001,kcal/persona/día,2285
FS,Datos de Seguridad Alimentaria,44,Colombia,6128,Valor,21057,Requerimiento promedio de energía alimentaria (kcal/cap/día),2002,2002,kcal/persona/día,2290
FS,Datos de Seguridad Alimentaria,44,Colombia,6128,Valor,21057,Requerimiento promedio de energía alimentaria (kcal/cap/día),2003,2003,kcal/persona/día,2295
FS,Datos de Seguridad Alimentaria,44,Colombia,6128,Valor,21057,Requerimiento promedio de energía alimentaria (kcal/cap/día),2004,2004,kcal/persona/día,2299
FS,Datos de Seguridad Alimentaria,44,Colombia,6128,Valor,21057,Requerimiento promedio de energía alimentaria (kcal/cap/día),2005,2005,kcal/persona/día,2305
FS,Datos de Seguridad Alimentaria,44,Colombia,6128,Valor,21057,Requerimiento promedio de energía alimentaria (kcal/cap/día),2006,2006,kcal/persona/día,2310
FS,Datos de Seguridad Alimentaria,44,Colombia,6128,Valor,21057,Requerimiento promedio de energía alimentaria (kcal/cap/día),2007,2007,kcal/persona/día,2316
FS,Datos de Seguridad Alimentaria,44,Colombia,6128,Valor,21057,Requerimiento promedio de energía alimentaria (kcal/cap/día),2008,2008,kcal/persona/día,2321
FS,Datos de Seguridad Alimentaria,44,Colombia,6128,Valor,21057,Requerimiento promedio de energía alimentaria (kcal/cap/día),2009,2009,kcal/persona/día,2326
FS,Datos de Seguridad Alimentaria,44,Colombia,6128,Valor,21057,Requerimiento promedio de energía alimentaria (kcal/cap/día),2010,2010,kcal/persona/día,2332
FS,Datos de Seguridad Alimentaria,44,Colombia,6128,Valor,21057,Requerimiento promedio de energía alimentaria (kcal/cap/día),2011,2011,kcal/persona/día,2337
FS,Datos de Seguridad Alimentaria,44,Colombia,6128,Valor,21057,Requerimiento promedio de energía alimentaria (kcal/cap/día),2012,2012,kcal/persona/día,2342
FS,Datos de Seguridad Alimentaria,44,Colombia,6128,Valor,21057,Requerimiento promedio de energía alimentaria (kcal/cap/día),2013,2013,kcal/persona/día,2347
FS,Datos de Seguridad Alimentaria,44,Colombia,6128,Valor,21057,Requerimiento promedio de energía alimentaria (kcal/cap/día),2014,2014,kcal/persona/día,2351
FS,Datos de Seguridad Alimentaria,44,Colombia,6128,Valor,21057,Requerimiento promedio de energía alimentaria (kcal/cap/día),2015,2015,kcal/persona/día,2356
FS,Datos de Seguridad Alimentaria,44,Colombia,6128,Valor,21057,Requerimiento promedio de energía alimentaria (kcal/cap/día),2016,2016,kcal/persona/día,2360
FS,Datos de Seguridad Alimentaria,44,Colombia,6128,Valor,21057,Requerimiento promedio de energía alimentaria (kcal/cap/día),2017,2017,kcal/persona/día,2365
FS,Datos de Seguridad Alimentaria,44,Colombia,6128,Valor,21057,Requerimiento promedio de energía alimentaria (kcal/cap/día),2018,2018,kcal/persona/día,2369
FS,Datos de Seguridad Alimentaria,44,Colombia,6128,Valor,21057,Requerimiento promedio de energía alimentaria (kcal/cap/día),2019,2019,kcal/persona/día,2372
FS,Datos de Seguridad Alimentaria,44,Colombia,6128,Valor,21057,Requerimiento promedio de energía alimentaria (kcal/cap/día),2020,2020,kcal/persona/día,2374
FS,Datos de Seguridad Alimentaria,44,Colombia,6128,Valor,21057,Requerimiento promedio de energía alimentaria (kcal/cap/día),2021,2021,kcal/persona/día,2376
FS,Datos de Seguridad Alimentaria,44,Colombia,6128,Valor,21057,Requerimiento promedio de energía alimentaria (kcal/cap/día),2022,2022,kcal/persona/día,2377
FS,Datos de Seguridad Alimentaria,44,Colombia,6128,Valor,21057,Requerimiento promedio de energía alimentaria (kcal/cap/día),2023,2023,kcal/persona/día,2377
FS,Datos de Seguridad Alimentaria,44,Colombia,6128,Valor,21057,Requerimiento promedio de energía alimentaria (kcal/cap/día),2024,2024,kcal/persona/día,2378
FS,Datos de Seguridad Alimentaria,44,Colombia,6128,Valor,21057,Requerimiento promedio de energía alimentaria (kcal/cap/día),2025,2025,kcal/persona/día,2378
FS,Datos de Seguridad Alimentaria,44,Colombia,6173,Valor,21058,Coeficiente de variación de la distribución del consumo calórico habitual (número real),2001,2001,No.,0.29
FS,Datos de Seguridad Alimentaria,44,Colombia,6173,Valor,21058,Coeficiente de variación de la distribución del consumo calórico habitual (número real),2002,2002,No.,0.3
FS,Datos de Seguridad Alimentaria,44,Colombia,6173,Valor,21058,Coeficiente de variación de la distribución del consumo calórico habitual (número real),2003,2003,No.,0.3
FS,Datos de Seguridad Alimentaria,44,Colombia,6173,Valor,21058,Coeficiente de variación de la distribución del consumo calórico habitual (número real),2004,2004,No.,0.31
FS,Datos de Seguridad Alimentaria,44,Colombia,6173,Valor,21058,Coeficiente de variación de la distribución del consumo calórico habitual (número real),2005,2005,No.,0.31
FS,Datos de Seguridad Alimentaria,44,Colombia,6173,Valor,21058,Coeficiente de variación de la distribución del consumo calórico habitual (número real),2006,2006,No.,0.32
FS,Datos de Seguridad Alimentaria,44,Colombia,6173,Valor,21058,Coeficiente de variación de la distribución del consumo calórico habitual (número real),2007,2007,No.,0.32
FS,Datos de Seguridad Alimentaria,44,Colombia,6173,Valor,21058,Coeficiente de variación de la distribución del consumo calórico habitual (número real),2008,2008,No.,0.32
FS,Datos de Seguridad Alimentaria,44,Colombia,6173,Valor,21058,Coeficiente de variación de la distribución del consumo calórico habitual (número real),2009,2009,No.,0.31
FS,Datos de Seguridad Alimentaria,44,Colombia,6173,Valor,21058,Coeficiente de variación de la distribución del consumo calórico habitual (número real),2010,2010,No.,0.3
FS,Datos de Seguridad Alimentaria,44,Colombia,6173,Valor,21058,Coeficiente de variación de la distribución del consumo calórico habitual (número real),2011,2011,No.,0.3
FS,Datos de Seguridad Alimentaria,44,Colombia,6173,Valor,21058,Coeficiente de variación de la distribución del consumo calórico habitual (número real),2012,2012,No.,0.29
FS,Datos de Seguridad Alimentaria,44,Colombia,6173,Valor,21058,Coeficiente de variación de la distribución del consumo calórico habitual (número real),2013,2013,No.,0.29
FS,Datos de Seguridad Alimentaria,44,Colombia,6173,Valor,21058,Coeficiente de variación de la distribución del consumo calórico habitual (número real),2014,2014,No.,0.28
FS,Datos de Seguridad Alimentaria,44,Colombia,6173,Valor,21058,Coeficiente de variación de la distribución del consumo calórico habitual (número real),2015,2015,No.,0.28
FS,Datos de Seguridad Alimentaria,44,Colombia,6173,Valor,21058,Coeficiente de variación de la distribución del consumo calórico habitual (número real),2016,2016,No.,0.27
FS,Datos de Seguridad Alimentaria,44,Colombia,6173,Valor,21058,Coeficiente de variación de la distribución del consumo calórico habitual (número real),2017,2017,No.,0.27
FS,Datos de Seguridad Alimentaria,44,Colombia,6173,Valor,21058,Coeficiente de variación de la distribución del consumo calórico habitual (número real),2018,2018,No.,0.27
FS,Datos de Seguridad Alimentaria,44,Colombia,6173,Valor,21058,Coeficiente de variación de la distribución del consumo calórico habitual (número real),2019,2019,No.,0.27
FS,Datos de Seguridad Alimentaria,44,Colombia,6173,Valor,21058,Coeficiente de variación de la distribución del consumo calórico habitual (número real),2020,2020,No.,0.27
FS,Datos de Seguridad Alimentaria,44,Colombia,6173,Valor,21058,Coeficiente de variación de la distribución del consumo calórico habitual (número real),2021,2021,No.,0.27
FS,Datos de Seguridad Alimentaria,44,Colombia,6173,Valor,21058,Coeficiente de variación de la distribución del consumo calórico habitual (número real),2022,2022,No.,0.27
FS,Datos de Seguridad Alimentaria,44,Colombia,6173,Valor,21058,Coeficiente de variación de la distribución del consumo calórico habitual (número real),2023,2023,No.,0.27
FS,Datos de Seguridad Alimentaria,44,Colombia,6173,Valor,21058,Coeficiente de variación de la distribución del consumo calórico habitual (número real),2024,2024,No.,0.27
FS,Datos de Seguridad Alimentaria,44,Colombia,6121,Valor,21059,Incidencia de pérdidas calóricas a nivel de distribución minorista (%),2000,2000,%,2.77
FS,Datos de Seguridad Alimentaria,44,Colombia,6121,Valor,21059,Incidencia de pérdidas calóricas a nivel de distribución minorista (%),2001,2001,%,2.77
FS,Datos de Seguridad Alimentaria,44,Colombia,6121,Valor,21059,Incidencia de pérdidas calóricas a nivel de distribución minorista (%),2002,2002,%,2.79
FS,Datos de Seguridad Alimentaria,44,Colombia,6121,Valor,21059,Incidencia de pérdidas calóricas a nivel de distribución minorista (%),2003,2003,%,2.78
FS,Datos de Seguridad Alimentaria,44,Colombia,6121,Valor,21059,Incidencia de pérdidas calóricas a nivel de distribución minorista (%),2004,2004,%,2.78
FS,Datos de Seguridad Alimentaria,44,Colombia,6121,Valor,21059,Incidencia de pérdidas calóricas a nivel de distribución minorista (%),2005,2005,%,2.77
FS,Datos de Seguridad Alimentaria,44,Colombia,6121,Valor,21059,Incidencia de pérdidas calóricas a nivel de distribución minorista (%),2006,2006,%,2.87
FS,Datos de Seguridad Alimentaria,44,Colombia,6121,Valor,21059,Incidencia de pérdidas calóricas a nivel de distribución minorista (%),2007,2007,%,2.87
FS,Datos de Seguridad Alimentaria,44,Colombia,6121,Valor,21059,Incidencia de pérdidas calóricas a nivel de distribución minorista (%),2008,2008,%,2.92
FS,Datos de Seguridad Alimentaria,44,Colombia,6121,Valor,21059,Incidencia de pérdidas calóricas a nivel de distribución minorista (%),2009,2009,%,2.81
FS,Datos de Seguridad Alimentaria,44,Colombia,6121,Valor,21059,Incidencia de pérdidas calóricas a nivel de distribución minorista (%),2010,2010,%,2.88
FS,Datos de Seguridad Alimentaria,44,Colombia,6121,Valor,21059,Incidencia de pérdidas calóricas a nivel de distribución minorista (%),2011,2011,%,2.87
FS,Datos de Seguridad Alimentaria,44,Colombia,6121,Valor,21059,Incidencia de pérdidas calóricas a nivel de distribución minorista (%),2012,2012,%,3.11
FS,Datos de Seguridad Alimentaria,44,Colombia,6121,Valor,21059,Incidencia de pérdidas calóricas a nivel de distribución minorista (%),2013,2013,%,3.19
FS,Datos de Seguridad Alimentaria,44,Colombia,6121,Valor,21059,Incidencia de pérdidas calóricas a nivel de distribución minorista (%),2014,2014,%,3.08
FS,Datos de Seguridad Alimentaria,44,Colombia,6121,Valor,21059,Incidencia de pérdidas calóricas a nivel de distribución minorista (%),2015,2015,%,3.14
FS,Datos de Seguridad Alimentaria,44,Colombia,6121,Valor,21059,Incidencia de pérdidas calóricas a nivel de distribución minorista (%),2016,2016,%,3.1
FS,Datos de Seguridad Alimentaria,44,Colombia,6121,Valor,21059,Incidencia de pérdidas calóricas a nivel de distribución minorista (%),2017,2017,%,2.61
FS,Datos de Seguridad Alimentaria,44,Colombia,6121,Valor,21059,Incidencia de pérdidas calóricas a nivel de distribución minorista (%),2018,2018,%,2.81
FS,Datos de Seguridad Alimentaria,44,Colombia,6121,Valor,21059,Incidencia de pérdidas calóricas a nivel de distribución minorista (%),2019,2019,%,2.96
FS,Datos de Seguridad Alimentaria,44,Colombia,6121,Valor,21059,Incidencia de pérdidas calóricas a nivel de distribución minorista (%),2020,2020,%,2.89
FS,Datos de Seguridad Alimentaria,44,Colombia,6121,Valor,21059,Incidencia de pérdidas calóricas a nivel de distribución minorista (%),2021,2021,%,2.93
FS,Datos de Seguridad Alimentaria,44,Colombia,6121,Valor,21059,Incidencia de pérdidas calóricas a nivel de distribución minorista (%),2022,2022,%,2.99
FS,Datos de Seguridad Alimentaria,44,Colombia,6121,Valor,21059,Incidencia de pérdidas calóricas a nivel de distribución minorista (%),2023,2023,%,3.02
FS,Datos de Seguridad Alimentaria,44,Colombia,6121,Valor,21059,Incidencia de pérdidas calóricas a nivel de distribución minorista (%),2024,2024,%,3.02
FS,Datos de Seguridad Alimentaria,44,Colombia,6121,Valor,21059,Incidencia de pérdidas calóricas a nivel de distribución minorista (%),2025,2025,%,3.02
FS,Datos de Seguridad Alimentaria,44,Colombia,6123,Valor,21061,Suministro promedio de grasas (g/cap/día) (promedio de 3 años),20002002,2000-2002,g/persona/día,73.1
FS,Datos de Seguridad Alimentaria,44,Colombia,6123,Valor,21061,Suministro promedio de grasas (g/cap/día) (promedio de 3 años),20012003,2001-2003,g/persona/día,73
FS,Datos de Seguridad Alimentaria,44,Colombia,6123,Valor,21061,Suministro promedio de grasas (g/cap/día) (promedio de 3 años),20022004,2002-2004,g/persona/día,72.6
FS,Datos de Seguridad Alimentaria,44,Colombia,6123,Valor,21061,Suministro promedio de grasas (g/cap/día) (promedio de 3 años),20032005,2003-2005,g/persona/día,72.7
FS,Datos de Seguridad Alimentaria,44,Colombia,6123,Valor,21061,Suministro promedio de grasas (g/cap/día) (promedio de 3 años),20042006,2004-2006,g/persona/día,73.6
FS,Datos de Seguridad Alimentaria,44,Colombia,6123,Valor,21061,Suministro promedio de grasas (g/cap/día) (promedio de 3 años),20052007,2005-2007,g/persona/día,75
FS,Datos de Seguridad Alimentaria,44,Colombia,6123,Valor,21061,Suministro promedio de grasas (g/cap/día) (promedio de 3 años),20062008,2006-2008,g/persona/día,76.2
FS,Datos de Seguridad Alimentaria,44,Colombia,6123,Valor,21061,Suministro promedio de grasas (g/cap/día) (promedio de 3 años),20072009,2007-2009,g/persona/día,75.8
FS,Datos de Seguridad Alimentaria,44,Colombia,6123,Valor,21061,Suministro promedio de grasas (g/cap/día) (promedio de 3 años),20082010,2008-2010,g/persona/día,78.3
FS,Datos de Seguridad Alimentaria,44,Colombia,6123,Valor,21061,Suministro promedio de grasas (g/cap/día) (promedio de 3 años),20092011,2009-2011,g/persona/día,80.3
FS,Datos de Seguridad Alimentaria,44,Colombia,6123,Valor,21061,Suministro promedio de grasas (g/cap/día) (promedio de 3 años),20102012,2010-2012,g/persona/día,84.4
FS,Datos de Seguridad Alimentaria,44,Colombia,6123,Valor,21061,Suministro promedio de grasas (g/cap/día) (promedio de 3 años),20112013,2011-2013,g/persona/día,85.5
FS,Datos de Seguridad Alimentaria,44,Colombia,6123,Valor,21061,Suministro promedio de grasas (g/cap/día) (promedio de 3 años),20122014,2012-2014,g/persona/día,87.9
FS,Datos de Seguridad Alimentaria,44,Colombia,6123,Valor,21061,Suministro promedio de grasas (g/cap/día) (promedio de 3 años),20132015,2013-2015,g/persona/día,89.7
FS,Datos de Seguridad Alimentaria,44,Colombia,6123,Valor,21061,Suministro promedio de grasas (g/cap/día) (promedio de 3 años),20142016,2014-2016,g/persona/día,91.4
FS,Datos de Seguridad Alimentaria,44,Colombia,6123,Valor,21061,Suministro promedio de grasas (g/cap/día) (promedio de 3 años),20152017,2015-2017,g/persona/día,93.7
FS,Datos de Seguridad Alimentaria,44,Colombia,6123,Valor,21061,Suministro promedio de grasas (g/cap/día) (promedio de 3 años),20162018,2016-2018,g/persona/día,95
FS,Datos de Seguridad Alimentaria,44,Colombia,6123,Valor,21061,Suministro promedio de grasas (g/cap/día) (promedio de 3 años),20172019,2017-2019,g/persona/día,95.8
FS,Datos de Seguridad Alimentaria,44,Colombia,6123,Valor,21061,Suministro promedio de grasas (g/cap/día) (promedio de 3 años),20182020,2018-2020,g/persona/día,97.8
FS,Datos de Seguridad Alimentaria,44,Colombia,6123,Valor,21061,Suministro promedio de grasas (g/cap/día) (promedio de 3 años),20192021,2019-2021,g/persona/día,101.3
FS,Datos de Seguridad Alimentaria,44,Colombia,6123,Valor,21061,Suministro promedio de grasas (g/cap/día) (promedio de 3 años),20202022,2020-2022,g/persona/día,104.5
FS,Datos de Seguridad Alimentaria,44,Colombia,6123,Valor,21061,Suministro promedio de grasas (g/cap/día) (promedio de 3 años),20212023,2021-2023,g/persona/día,104.7
